timeStamp,elapsed,label,responseCode,responseMessage,threadName,dataType,success,failureMessage,bytes,sentBytes,grpThreads,allThreads,URL,Latency,IdleTime,Connect
1732725043057,367,https://photo-sharing-api-bootcamp.do.dibimbing.id/api/v1/login,200,OK,Thread Group 1-1,text,true,,999,553,12,12,https://photo-sharing-api-bootcamp.do.dibimbing.id/api/v1/login,367,0,60
1732725043093,441,https://photo-sharing-api-bootcamp.do.dibimbing.id/api/v1/login,200,OK,Thread Group 1-2,text,true,,999,553,15,15,https://photo-sharing-api-bootcamp.do.dibimbing.id/api/v1/login,441,0,48
1732725043125,531,https://photo-sharing-api-bootcamp.do.dibimbing.id/api/v1/login,200,OK,Thread Group 1-3,text,true,,999,553,19,19,https://photo-sharing-api-bootcamp.do.dibimbing.id/api/v1/login,531,0,49
1732725043229,543,https://photo-sharing-api-bootcamp.do.dibimbing.id/api/v1/login,200,OK,Thread Group 1-6,text,true,,999,553,22,22,https://photo-sharing-api-bootcamp.do.dibimbing.id/api/v1/login,543,0,49
1732725043253,634,https://photo-sharing-api-bootcamp.do.dibimbing.id/api/v1/login,200,OK,Thread Group 1-7,text,true,,999,553,26,26,https://photo-sharing-api-bootcamp.do.dibimbing.id/api/v1/login,634,0,48
1732725043323,579,https://photo-sharing-api-bootcamp.do.dibimbing.id/api/v1/login,200,OK,Thread Group 1-9,text,true,,999,553,26,26,https://photo-sharing-api-bootcamp.do.dibimbing.id/api/v1/login,579,0,49
1732725043386,839,https://photo-sharing-api-bootcamp.do.dibimbing.id/api/v1/login,200,OK,Thread Group 1-11,text,true,,999,553,30,30,https://photo-sharing-api-bootcamp.do.dibimbing.id/api/v1/login,839,0,43
1732725043419,1035,https://photo-sharing-api-bootcamp.do.dibimbing.id/api/v1/login,200,OK,Thread Group 1-12,text,true,,999,553,30,30,https://photo-sharing-api-bootcamp.do.dibimbing.id/api/v1/login,1035,0,45
1732725043155,1301,https://photo-sharing-api-bootcamp.do.dibimbing.id/api/v1/login,200,OK,Thread Group 1-4,text,true,,999,553,30,30,https://photo-sharing-api-bootcamp.do.dibimbing.id/api/v1/login,1301,0,291
1732725043192,1290,https://photo-sharing-api-bootcamp.do.dibimbing.id/api/v1/login,200,OK,Thread Group 1-5,text,true,,999,553,30,30,https://photo-sharing-api-bootcamp.do.dibimbing.id/api/v1/login,1290,0,280
1732725043452,1033,https://photo-sharing-api-bootcamp.do.dibimbing.id/api/v1/login,200,OK,Thread Group 1-13,text,true,,999,553,30,30,https://photo-sharing-api-bootcamp.do.dibimbing.id/api/v1/login,1033,0,46
1732725043519,1197,https://photo-sharing-api-bootcamp.do.dibimbing.id/api/v1/login,200,OK,Thread Group 1-15,text,true,,999,553,30,30,https://photo-sharing-api-bootcamp.do.dibimbing.id/api/v1/login,1197,0,48
1732725043552,1164,https://photo-sharing-api-bootcamp.do.dibimbing.id/api/v1/login,200,OK,Thread Group 1-16,text,true,,999,553,30,30,https://photo-sharing-api-bootcamp.do.dibimbing.id/api/v1/login,1164,0,49
1732725043355,1467,https://photo-sharing-api-bootcamp.do.dibimbing.id/api/v1/login,200,OK,Thread Group 1-10,text,true,,999,553,30,30,https://photo-sharing-api-bootcamp.do.dibimbing.id/api/v1/login,1467,0,277
1732725043587,1454,https://photo-sharing-api-bootcamp.do.dibimbing.id/api/v1/login,200,OK,Thread Group 1-17,text,true,,999,553,30,30,https://photo-sharing-api-bootcamp.do.dibimbing.id/api/v1/login,1454,0,46
1732725043618,1540,https://photo-sharing-api-bootcamp.do.dibimbing.id/api/v1/login,200,OK,Thread Group 1-18,text,true,,999,553,30,30,https://photo-sharing-api-bootcamp.do.dibimbing.id/api/v1/login,1540,0,46
1732725043653,1507,https://photo-sharing-api-bootcamp.do.dibimbing.id/api/v1/login,200,OK,Thread Group 1-19,text,true,,999,553,30,30,https://photo-sharing-api-bootcamp.do.dibimbing.id/api/v1/login,1507,0,44
1732725043685,1691,https://photo-sharing-api-bootcamp.do.dibimbing.id/api/v1/login,200,OK,Thread Group 1-20,text,true,,999,553,30,30,https://photo-sharing-api-bootcamp.do.dibimbing.id/api/v1/login,1691,0,51
1732725043720,1656,https://photo-sharing-api-bootcamp.do.dibimbing.id/api/v1/login,200,OK,Thread Group 1-21,text,true,,999,553,30,30,https://photo-sharing-api-bootcamp.do.dibimbing.id/api/v1/login,1656,0,49
1732725043814,1781,https://photo-sharing-api-bootcamp.do.dibimbing.id/api/v1/login,200,OK,Thread Group 1-24,text,true,,999,553,30,30,https://photo-sharing-api-bootcamp.do.dibimbing.id/api/v1/login,1781,0,48
1732725043753,1842,https://photo-sharing-api-bootcamp.do.dibimbing.id/api/v1/login,200,OK,Thread Group 1-22,text,true,,999,553,30,30,https://photo-sharing-api-bootcamp.do.dibimbing.id/api/v1/login,1842,0,47
1732725043851,1867,https://photo-sharing-api-bootcamp.do.dibimbing.id/api/v1/login,200,OK,Thread Group 1-25,text,true,,999,553,30,30,https://photo-sharing-api-bootcamp.do.dibimbing.id/api/v1/login,1867,0,46
1732725043883,2052,https://photo-sharing-api-bootcamp.do.dibimbing.id/api/v1/login,200,OK,Thread Group 1-26,text,true,,999,553,30,30,https://photo-sharing-api-bootcamp.do.dibimbing.id/api/v1/login,2052,0,47
1732725043916,2133,https://photo-sharing-api-bootcamp.do.dibimbing.id/api/v1/login,200,OK,Thread Group 1-27,text,true,,999,553,30,30,https://photo-sharing-api-bootcamp.do.dibimbing.id/api/v1/login,2133,0,46
1732725043947,2104,https://photo-sharing-api-bootcamp.do.dibimbing.id/api/v1/login,200,OK,Thread Group 1-28,text,true,,999,553,30,30,https://photo-sharing-api-bootcamp.do.dibimbing.id/api/v1/login,2104,0,48
1732725043979,2181,https://photo-sharing-api-bootcamp.do.dibimbing.id/api/v1/login,200,OK,Thread Group 1-29,text,true,,999,553,30,30,https://photo-sharing-api-bootcamp.do.dibimbing.id/api/v1/login,2181,0,47
1732725044016,2250,https://photo-sharing-api-bootcamp.do.dibimbing.id/api/v1/login,200,OK,Thread Group 1-30,text,true,,999,553,30,30,https://photo-sharing-api-bootcamp.do.dibimbing.id/api/v1/login,2250,0,46
1732725043291,3087,https://photo-sharing-api-bootcamp.do.dibimbing.id/api/v1/login,200,OK,Thread Group 1-8,text,true,,999,553,30,30,https://photo-sharing-api-bootcamp.do.dibimbing.id/api/v1/login,3087,0,1046
1732725043488,3036,https://photo-sharing-api-bootcamp.do.dibimbing.id/api/v1/login,200,OK,Thread Group 1-14,text,true,,999,553,30,30,https://photo-sharing-api-bootcamp.do.dibimbing.id/api/v1/login,3036,0,1047
1732725043782,2876,https://photo-sharing-api-bootcamp.do.dibimbing.id/api/v1/login,200,OK,Thread Group 1-23,text,true,,999,553,30,30,https://photo-sharing-api-bootcamp.do.dibimbing.id/api/v1/login,2876,0,1055
1732725043426,3525,https://photo-sharing-api-bootcamp.do.dibimbing.id/api/v1/explore-post?size=10&page=1,200,OK,Thread Group 1-1,text,true,,5032,724,30,30,https://photo-sharing-api-bootcamp.do.dibimbing.id/api/v1/explore-post?size=10&page=1,3525,0,0
1732725043054,3892,LoginTest,200,"Number of samples in transaction : 2, number of failing samples : 0",Thread Group 1-1,,true,,6031,1277,30,30,null,3892,8,60
1732725046954,157,https://photo-sharing-api-bootcamp.do.dibimbing.id/api/v1/login,200,OK,Thread Group 1-1,text,true,,999,553,30,30,https://photo-sharing-api-bootcamp.do.dibimbing.id/api/v1/login,157,0,0
1732725043657,3584,https://photo-sharing-api-bootcamp.do.dibimbing.id/api/v1/explore-post?size=10&page=1,200,OK,Thread Group 1-3,text,true,,5442,724,30,30,https://photo-sharing-api-bootcamp.do.dibimbing.id/api/v1/explore-post?size=10&page=1,3584,0,0
1732725043124,4115,LoginTest,200,"Number of samples in transaction : 2, number of failing samples : 0",Thread Group 1-3,,true,,6441,1277,30,30,null,4115,4,49
1732725043535,3847,https://photo-sharing-api-bootcamp.do.dibimbing.id/api/v1/explore-post?size=10&page=1,200,OK,Thread Group 1-2,text,true,,5701,724,30,30,https://photo-sharing-api-bootcamp.do.dibimbing.id/api/v1/explore-post?size=10&page=1,3847,0,0
1732725043091,4288,LoginTest,200,"Number of samples in transaction : 2, number of failing samples : 0",Thread Group 1-2,,true,,6700,1277,30,30,null,4288,4,48
1732725047244,163,https://photo-sharing-api-bootcamp.do.dibimbing.id/api/v1/login,200,OK,Thread Group 1-3,text,true,,999,553,30,30,https://photo-sharing-api-bootcamp.do.dibimbing.id/api/v1/login,163,0,0
1732725047384,149,https://photo-sharing-api-bootcamp.do.dibimbing.id/api/v1/login,200,OK,Thread Group 1-2,text,true,,999,553,30,30,https://photo-sharing-api-bootcamp.do.dibimbing.id/api/v1/login,149,0,0
1732725043773,3806,https://photo-sharing-api-bootcamp.do.dibimbing.id/api/v1/explore-post?size=10&page=1,200,OK,Thread Group 1-6,text,true,,5099,724,30,30,https://photo-sharing-api-bootcamp.do.dibimbing.id/api/v1/explore-post?size=10&page=1,3806,0,0
1732725043227,4349,LoginTest,200,"Number of samples in transaction : 2, number of failing samples : 0",Thread Group 1-6,,true,,6098,1277,30,30,null,4349,4,49
1732725047581,145,https://photo-sharing-api-bootcamp.do.dibimbing.id/api/v1/login,200,OK,Thread Group 1-6,text,true,,999,553,30,30,https://photo-sharing-api-bootcamp.do.dibimbing.id/api/v1/login,145,0,0
1732725043887,3844,https://photo-sharing-api-bootcamp.do.dibimbing.id/api/v1/explore-post?size=10&page=1,200,OK,Thread Group 1-7,text,true,,5441,724,30,30,https://photo-sharing-api-bootcamp.do.dibimbing.id/api/v1/explore-post?size=10&page=1,3844,0,0
1732725043252,4478,LoginTest,200,"Number of samples in transaction : 2, number of failing samples : 0",Thread Group 1-7,,true,,6440,1277,30,30,null,4478,3,48
1732725047734,159,https://photo-sharing-api-bootcamp.do.dibimbing.id/api/v1/login,200,OK,Thread Group 1-7,text,true,,999,553,30,30,https://photo-sharing-api-bootcamp.do.dibimbing.id/api/v1/login,159,0,0
1732725044225,3743,https://photo-sharing-api-bootcamp.do.dibimbing.id/api/v1/explore-post?size=10&page=1,200,OK,Thread Group 1-11,text,true,,5209,724,30,30,https://photo-sharing-api-bootcamp.do.dibimbing.id/api/v1/explore-post?size=10&page=1,3743,0,0
1732725043386,4582,LoginTest,200,"Number of samples in transaction : 2, number of failing samples : 0",Thread Group 1-11,,true,,6208,1277,30,30,null,4582,1,43
1732725044455,3532,https://photo-sharing-api-bootcamp.do.dibimbing.id/api/v1/explore-post?size=10&page=1,200,OK,Thread Group 1-12,text,true,,5979,724,30,30,https://photo-sharing-api-bootcamp.do.dibimbing.id/api/v1/explore-post?size=10&page=1,3532,0,0
1732725043418,4567,LoginTest,200,"Number of samples in transaction : 2, number of failing samples : 0",Thread Group 1-12,,true,,6978,1277,30,30,null,4567,3,45
1732725044482,3540,https://photo-sharing-api-bootcamp.do.dibimbing.id/api/v1/explore-post?size=10&page=1,200,OK,Thread Group 1-5,text,true,,4872,724,30,30,https://photo-sharing-api-bootcamp.do.dibimbing.id/api/v1/explore-post?size=10&page=1,3540,0,0
1732725043191,4830,LoginTest,200,"Number of samples in transaction : 2, number of failing samples : 0",Thread Group 1-5,,true,,5871,1277,30,30,null,4830,1,280
1732725043903,4129,https://photo-sharing-api-bootcamp.do.dibimbing.id/api/v1/explore-post?size=10&page=1,200,OK,Thread Group 1-9,text,true,,5434,724,30,30,https://photo-sharing-api-bootcamp.do.dibimbing.id/api/v1/explore-post?size=10&page=1,4129,0,0
1732725043322,4708,LoginTest,200,"Number of samples in transaction : 2, number of failing samples : 0",Thread Group 1-9,,true,,6433,1277,30,30,null,4708,3,49
1732725047969,167,https://photo-sharing-api-bootcamp.do.dibimbing.id/api/v1/login,200,OK,Thread Group 1-11,text,true,,999,553,30,30,https://photo-sharing-api-bootcamp.do.dibimbing.id/api/v1/login,167,0,0
1732725044458,3786,https://photo-sharing-api-bootcamp.do.dibimbing.id/api/v1/explore-post?size=10&page=1,200,OK,Thread Group 1-4,text,true,,5190,724,30,30,https://photo-sharing-api-bootcamp.do.dibimbing.id/api/v1/explore-post?size=10&page=1,3786,0,0
1732725043154,5087,LoginTest,200,"Number of samples in transaction : 2, number of failing samples : 0",Thread Group 1-4,,true,,6189,1277,30,30,null,5087,4,291
1732725047988,262,https://photo-sharing-api-bootcamp.do.dibimbing.id/api/v1/login,200,OK,Thread Group 1-12,text,true,,999,553,30,30,https://photo-sharing-api-bootcamp.do.dibimbing.id/api/v1/login,262,0,0
1732725044718,3537,https://photo-sharing-api-bootcamp.do.dibimbing.id/api/v1/explore-post?size=10&page=1,200,OK,Thread Group 1-16,text,true,,5315,724,30,30,https://photo-sharing-api-bootcamp.do.dibimbing.id/api/v1/explore-post?size=10&page=1,3537,0,0
1732725043552,4701,LoginTest,200,"Number of samples in transaction : 2, number of failing samples : 0",Thread Group 1-16,,true,,6314,1277,30,30,null,4701,2,49
1732725044823,3434,https://photo-sharing-api-bootcamp.do.dibimbing.id/api/v1/explore-post?size=10&page=1,200,OK,Thread Group 1-10,text,true,,5401,724,30,30,https://photo-sharing-api-bootcamp.do.dibimbing.id/api/v1/explore-post?size=10&page=1,3434,0,0
1732725043355,4901,LoginTest,200,"Number of samples in transaction : 2, number of failing samples : 0",Thread Group 1-10,,true,,6400,1277,30,30,null,4901,1,277
1732725044485,3786,https://photo-sharing-api-bootcamp.do.dibimbing.id/api/v1/explore-post?size=10&page=1,200,OK,Thread Group 1-13,text,true,,5888,724,30,30,https://photo-sharing-api-bootcamp.do.dibimbing.id/api/v1/explore-post?size=10&page=1,3786,0,0
1732725043452,4819,LoginTest,200,"Number of samples in transaction : 2, number of failing samples : 0",Thread Group 1-13,,true,,6887,1277,30,30,null,4819,1,46
1732725048023,344,https://photo-sharing-api-bootcamp.do.dibimbing.id/api/v1/login,200,OK,Thread Group 1-5,text,true,,999,553,30,30,https://photo-sharing-api-bootcamp.do.dibimbing.id/api/v1/login,344,0,0
1732725044718,3652,https://photo-sharing-api-bootcamp.do.dibimbing.id/api/v1/explore-post?size=10&page=1,200,OK,Thread Group 1-15,text,true,,6137,724,30,30,https://photo-sharing-api-bootcamp.do.dibimbing.id/api/v1/explore-post?size=10&page=1,3652,0,0
1732725043518,4849,LoginTest,200,"Number of samples in transaction : 2, number of failing samples : 0",Thread Group 1-15,,true,,7136,1277,30,30,null,4849,4,48
1732725048035,450,https://photo-sharing-api-bootcamp.do.dibimbing.id/api/v1/login,200,OK,Thread Group 1-9,text,true,,999,553,30,30,https://photo-sharing-api-bootcamp.do.dibimbing.id/api/v1/login,450,0,0
1732725045041,3449,https://photo-sharing-api-bootcamp.do.dibimbing.id/api/v1/explore-post?size=10&page=1,200,OK,Thread Group 1-17,text,true,,6307,724,30,30,https://photo-sharing-api-bootcamp.do.dibimbing.id/api/v1/explore-post?size=10&page=1,3449,0,0
1732725043586,4903,LoginTest,200,"Number of samples in transaction : 2, number of failing samples : 0",Thread Group 1-17,,true,,7306,1277,30,30,null,4903,2,46
1732725045159,3349,https://photo-sharing-api-bootcamp.do.dibimbing.id/api/v1/explore-post?size=10&page=1,200,OK,Thread Group 1-18,text,true,,5559,724,30,30,https://photo-sharing-api-bootcamp.do.dibimbing.id/api/v1/explore-post?size=10&page=1,3349,0,0
1732725043617,4889,LoginTest,200,"Number of samples in transaction : 2, number of failing samples : 0",Thread Group 1-18,,true,,6558,1277,30,30,null,4889,3,46
1732725045161,3357,https://photo-sharing-api-bootcamp.do.dibimbing.id/api/v1/explore-post?size=10&page=1,200,OK,Thread Group 1-19,text,true,,5720,724,30,30,https://photo-sharing-api-bootcamp.do.dibimbing.id/api/v1/explore-post?size=10&page=1,3357,0,0
1732725043652,4864,LoginTest,200,"Number of samples in transaction : 2, number of failing samples : 0",Thread Group 1-19,,true,,6719,1277,30,30,null,4864,2,44
1732725048245,405,https://photo-sharing-api-bootcamp.do.dibimbing.id/api/v1/login,200,OK,Thread Group 1-4,text,true,,999,553,30,30,https://photo-sharing-api-bootcamp.do.dibimbing.id/api/v1/login,405,0,0
1732725045378,3257,https://photo-sharing-api-bootcamp.do.dibimbing.id/api/v1/explore-post?size=10&page=1,200,OK,Thread Group 1-21,text,true,,5963,724,30,30,https://photo-sharing-api-bootcamp.do.dibimbing.id/api/v1/explore-post?size=10&page=1,3257,0,0
1732725043718,4913,LoginTest,200,"Number of samples in transaction : 2, number of failing samples : 0",Thread Group 1-21,,true,,6962,1277,30,30,null,4913,25,49
1732725048256,505,https://photo-sharing-api-bootcamp.do.dibimbing.id/api/v1/login,200,OK,Thread Group 1-16,text,true,,999,553,30,30,https://photo-sharing-api-bootcamp.do.dibimbing.id/api/v1/login,505,0,0
1732725045639,3125,https://photo-sharing-api-bootcamp.do.dibimbing.id/api/v1/explore-post?size=10&page=1,200,OK,Thread Group 1-22,text,true,,5710,724,30,30,https://photo-sharing-api-bootcamp.do.dibimbing.id/api/v1/explore-post?size=10&page=1,3125,0,0
1732725043752,4967,LoginTest,200,"Number of samples in transaction : 2, number of failing samples : 0",Thread Group 1-22,,true,,6709,1277,30,30,null,4967,46,47
1732725048258,610,https://photo-sharing-api-bootcamp.do.dibimbing.id/api/v1/login,200,OK,Thread Group 1-10,text,true,,999,553,30,30,https://photo-sharing-api-bootcamp.do.dibimbing.id/api/v1/login,610,0,0
1732725045639,3230,https://photo-sharing-api-bootcamp.do.dibimbing.id/api/v1/explore-post?size=10&page=1,200,OK,Thread Group 1-24,text,true,,5292,724,30,30,https://photo-sharing-api-bootcamp.do.dibimbing.id/api/v1/explore-post?size=10&page=1,3230,0,0
1732725043813,5011,LoginTest,200,"Number of samples in transaction : 2, number of failing samples : 0",Thread Group 1-24,,true,,6291,1277,30,30,null,5011,46,48
1732725048272,704,https://photo-sharing-api-bootcamp.do.dibimbing.id/api/v1/login,200,OK,Thread Group 1-13,text,true,,999,553,30,30,https://photo-sharing-api-bootcamp.do.dibimbing.id/api/v1/login,704,0,0
1732725045936,3040,https://photo-sharing-api-bootcamp.do.dibimbing.id/api/v1/explore-post?size=10&page=1,200,OK,Thread Group 1-26,text,true,,5848,724,30,30,https://photo-sharing-api-bootcamp.do.dibimbing.id/api/v1/explore-post?size=10&page=1,3040,0,0
1732725043882,5092,LoginTest,200,"Number of samples in transaction : 2, number of failing samples : 0",Thread Group 1-26,,true,,6847,1277,30,30,null,5092,2,47
1732725045719,3260,https://photo-sharing-api-bootcamp.do.dibimbing.id/api/v1/explore-post?size=10&page=1,200,OK,Thread Group 1-25,text,true,,5751,724,30,30,https://photo-sharing-api-bootcamp.do.dibimbing.id/api/v1/explore-post?size=10&page=1,3260,0,0
1732725043850,5127,LoginTest,200,"Number of samples in transaction : 2, number of failing samples : 0",Thread Group 1-25,,true,,6750,1277,30,30,null,5127,3,46
1732725045379,3636,https://photo-sharing-api-bootcamp.do.dibimbing.id/api/v1/explore-post?size=10&page=1,200,OK,Thread Group 1-20,text,true,,6264,724,30,30,https://photo-sharing-api-bootcamp.do.dibimbing.id/api/v1/explore-post?size=10&page=1,3636,0,0
1732725043684,5327,LoginTest,200,"Number of samples in transaction : 2, number of failing samples : 0",Thread Group 1-20,,true,,7263,1277,30,30,null,5327,4,51
1732725046161,2928,https://photo-sharing-api-bootcamp.do.dibimbing.id/api/v1/explore-post?size=10&page=1,200,OK,Thread Group 1-29,text,true,,5906,724,30,30,https://photo-sharing-api-bootcamp.do.dibimbing.id/api/v1/explore-post?size=10&page=1,2928,0,0
1732725043979,5109,LoginTest,200,"Number of samples in transaction : 2, number of failing samples : 0",Thread Group 1-29,,true,,6905,1277,30,30,null,5109,1,47
1732725046051,3039,https://photo-sharing-api-bootcamp.do.dibimbing.id/api/v1/explore-post?size=10&page=1,200,OK,Thread Group 1-27,text,true,,5303,724,30,30,https://photo-sharing-api-bootcamp.do.dibimbing.id/api/v1/explore-post?size=10&page=1,3039,0,0
1732725043915,5172,LoginTest,200,"Number of samples in transaction : 2, number of failing samples : 0",Thread Group 1-27,,true,,6302,1277,30,30,null,5172,3,46
1732725046053,3064,https://photo-sharing-api-bootcamp.do.dibimbing.id/api/v1/explore-post?size=10&page=1,200,OK,Thread Group 1-28,text,true,,5759,724,30,30,https://photo-sharing-api-bootcamp.do.dibimbing.id/api/v1/explore-post?size=10&page=1,3064,0,0
1732725046268,2837,https://photo-sharing-api-bootcamp.do.dibimbing.id/api/v1/explore-post?size=10&page=1,200,OK,Thread Group 1-30,text,true,,5804,724,30,30,https://photo-sharing-api-bootcamp.do.dibimbing.id/api/v1/explore-post?size=10&page=1,2837,0,0
1732725048371,733,https://photo-sharing-api-bootcamp.do.dibimbing.id/api/v1/login,200,OK,Thread Group 1-15,text,true,,999,553,30,30,https://photo-sharing-api-bootcamp.do.dibimbing.id/api/v1/login,733,0,0
1732725044015,5087,LoginTest,200,"Number of samples in transaction : 2, number of failing samples : 0",Thread Group 1-30,,true,,6803,1277,30,30,null,5087,54,46
1732725043946,5168,LoginTest,200,"Number of samples in transaction : 2, number of failing samples : 0",Thread Group 1-28,,true,,6758,1277,30,30,null,5168,42,48
1732725046525,2690,https://photo-sharing-api-bootcamp.do.dibimbing.id/api/v1/explore-post?size=10&page=1,200,OK,Thread Group 1-14,text,true,,6346,724,30,30,https://photo-sharing-api-bootcamp.do.dibimbing.id/api/v1/explore-post?size=10&page=1,2690,0,0
1732725043487,5726,LoginTest,200,"Number of samples in transaction : 2, number of failing samples : 0",Thread Group 1-14,,true,,7345,1277,30,30,null,5726,3,1047
1732725046379,2941,https://photo-sharing-api-bootcamp.do.dibimbing.id/api/v1/explore-post?size=10&page=1,200,OK,Thread Group 1-8,text,true,,5525,724,30,30,https://photo-sharing-api-bootcamp.do.dibimbing.id/api/v1/explore-post?size=10&page=1,2941,0,0
1732725043290,6028,LoginTest,200,"Number of samples in transaction : 2, number of failing samples : 0",Thread Group 1-8,,true,,6524,1277,30,30,null,6028,2,1046
1732725048491,830,https://photo-sharing-api-bootcamp.do.dibimbing.id/api/v1/login,200,OK,Thread Group 1-17,text,true,,999,553,30,30,https://photo-sharing-api-bootcamp.do.dibimbing.id/api/v1/login,830,0,0
1732725046658,2670,https://photo-sharing-api-bootcamp.do.dibimbing.id/api/v1/explore-post?size=10&page=1,200,OK,Thread Group 1-23,text,true,,5634,724,30,30,https://photo-sharing-api-bootcamp.do.dibimbing.id/api/v1/explore-post?size=10&page=1,2670,0,0
1732725043781,5546,LoginTest,200,"Number of samples in transaction : 2, number of failing samples : 0",Thread Group 1-23,,true,,6633,1277,30,30,null,5546,1,1055
1732725048510,922,https://photo-sharing-api-bootcamp.do.dibimbing.id/api/v1/login,200,OK,Thread Group 1-18,text,true,,999,553,30,30,https://photo-sharing-api-bootcamp.do.dibimbing.id/api/v1/login,922,0,0
1732725048519,933,https://photo-sharing-api-bootcamp.do.dibimbing.id/api/v1/login,200,OK,Thread Group 1-19,text,true,,999,553,30,30,https://photo-sharing-api-bootcamp.do.dibimbing.id/api/v1/login,933,0,0
1732725048765,920,https://photo-sharing-api-bootcamp.do.dibimbing.id/api/v1/login,200,OK,Thread Group 1-22,text,true,,999,553,30,30,https://photo-sharing-api-bootcamp.do.dibimbing.id/api/v1/login,920,0,0
1732725048656,1029,https://photo-sharing-api-bootcamp.do.dibimbing.id/api/v1/login,200,OK,Thread Group 1-21,text,true,,999,553,30,30,https://photo-sharing-api-bootcamp.do.dibimbing.id/api/v1/login,1029,0,0
1732725048870,920,https://photo-sharing-api-bootcamp.do.dibimbing.id/api/v1/login,200,OK,Thread Group 1-24,text,true,,999,553,30,30,https://photo-sharing-api-bootcamp.do.dibimbing.id/api/v1/login,920,0,0
1732725048977,1035,https://photo-sharing-api-bootcamp.do.dibimbing.id/api/v1/login,200,OK,Thread Group 1-26,text,true,,999,553,30,30,https://photo-sharing-api-bootcamp.do.dibimbing.id/api/v1/login,1035,0,0
1732725048980,1142,https://photo-sharing-api-bootcamp.do.dibimbing.id/api/v1/login,200,OK,Thread Group 1-25,text,true,,999,553,30,30,https://photo-sharing-api-bootcamp.do.dibimbing.id/api/v1/login,1142,0,0
1732725049015,1221,https://photo-sharing-api-bootcamp.do.dibimbing.id/api/v1/login,200,OK,Thread Group 1-20,text,true,,999,553,30,30,https://photo-sharing-api-bootcamp.do.dibimbing.id/api/v1/login,1221,0,0
1732725049090,1151,https://photo-sharing-api-bootcamp.do.dibimbing.id/api/v1/login,200,OK,Thread Group 1-29,text,true,,999,553,30,30,https://photo-sharing-api-bootcamp.do.dibimbing.id/api/v1/login,1151,0,0
1732725049092,1364,https://photo-sharing-api-bootcamp.do.dibimbing.id/api/v1/login,200,OK,Thread Group 1-27,text,true,,999,553,30,30,https://photo-sharing-api-bootcamp.do.dibimbing.id/api/v1/login,1364,0,0
1732725049156,1302,https://photo-sharing-api-bootcamp.do.dibimbing.id/api/v1/login,200,OK,Thread Group 1-28,text,true,,999,553,30,30,https://photo-sharing-api-bootcamp.do.dibimbing.id/api/v1/login,1302,0,0
1732725049156,1542,https://photo-sharing-api-bootcamp.do.dibimbing.id/api/v1/login,200,OK,Thread Group 1-30,text,true,,999,553,30,30,https://photo-sharing-api-bootcamp.do.dibimbing.id/api/v1/login,1541,0,0
1732725049217,1484,https://photo-sharing-api-bootcamp.do.dibimbing.id/api/v1/login,200,OK,Thread Group 1-14,text,true,,999,553,30,30,https://photo-sharing-api-bootcamp.do.dibimbing.id/api/v1/login,1484,0,0
1732725049321,1488,https://photo-sharing-api-bootcamp.do.dibimbing.id/api/v1/login,200,OK,Thread Group 1-8,text,true,,999,553,30,30,https://photo-sharing-api-bootcamp.do.dibimbing.id/api/v1/login,1488,0,0
1732725049329,1599,https://photo-sharing-api-bootcamp.do.dibimbing.id/api/v1/login,200,OK,Thread Group 1-23,text,true,,999,553,30,30,https://photo-sharing-api-bootcamp.do.dibimbing.id/api/v1/login,1599,0,0
1732725047150,4123,https://photo-sharing-api-bootcamp.do.dibimbing.id/api/v1/explore-post?size=10&page=1,200,OK,Thread Group 1-1,text,true,,5776,724,30,30,https://photo-sharing-api-bootcamp.do.dibimbing.id/api/v1/explore-post?size=10&page=1,4123,0,0
1732725046954,4280,LoginTest,200,"Number of samples in transaction : 2, number of failing samples : 0",Thread Group 1-1,,true,,6775,1277,30,30,null,4280,40,0
1732725051275,146,https://photo-sharing-api-bootcamp.do.dibimbing.id/api/v1/login,200,OK,Thread Group 1-1,text,true,,999,553,30,30,https://photo-sharing-api-bootcamp.do.dibimbing.id/api/v1/login,146,0,0
1732725047728,3700,https://photo-sharing-api-bootcamp.do.dibimbing.id/api/v1/explore-post?size=10&page=1,200,OK,Thread Group 1-6,text,true,,5435,724,30,30,https://photo-sharing-api-bootcamp.do.dibimbing.id/api/v1/explore-post?size=10&page=1,3700,0,0
1732725047580,3845,LoginTest,200,"Number of samples in transaction : 2, number of failing samples : 0",Thread Group 1-6,,true,,6434,1277,30,30,null,3845,3,0
1732725047408,4041,https://photo-sharing-api-bootcamp.do.dibimbing.id/api/v1/explore-post?size=10&page=1,200,OK,Thread Group 1-3,text,true,,6016,724,30,30,https://photo-sharing-api-bootcamp.do.dibimbing.id/api/v1/explore-post?size=10&page=1,4041,0,0
1732725047243,4204,LoginTest,200,"Number of samples in transaction : 2, number of failing samples : 0",Thread Group 1-3,,true,,7015,1277,30,30,null,4204,2,0
1732725047533,3956,https://photo-sharing-api-bootcamp.do.dibimbing.id/api/v1/explore-post?size=10&page=1,200,OK,Thread Group 1-2,text,true,,6172,724,30,30,https://photo-sharing-api-bootcamp.do.dibimbing.id/api/v1/explore-post?size=10&page=1,3955,0,0
1732725047383,4105,LoginTest,200,"Number of samples in transaction : 2, number of failing samples : 0",Thread Group 1-2,,true,,7171,1277,30,30,null,4104,1,0
1732725047893,3699,https://photo-sharing-api-bootcamp.do.dibimbing.id/api/v1/explore-post?size=10&page=1,200,OK,Thread Group 1-7,text,true,,5612,724,30,30,https://photo-sharing-api-bootcamp.do.dibimbing.id/api/v1/explore-post?size=10&page=1,3699,0,0
1732725047733,3858,LoginTest,200,"Number of samples in transaction : 2, number of failing samples : 0",Thread Group 1-7,,true,,6611,1277,30,30,null,3858,2,0
1732725051429,166,https://photo-sharing-api-bootcamp.do.dibimbing.id/api/v1/login,200,OK,Thread Group 1-6,text,true,,999,553,30,30,https://photo-sharing-api-bootcamp.do.dibimbing.id/api/v1/login,166,0,0
1732725051452,264,https://photo-sharing-api-bootcamp.do.dibimbing.id/api/v1/login,200,OK,Thread Group 1-3,text,true,,999,553,30,30,https://photo-sharing-api-bootcamp.do.dibimbing.id/api/v1/login,264,0,0
1732725051489,340,https://photo-sharing-api-bootcamp.do.dibimbing.id/api/v1/login,200,OK,Thread Group 1-2,text,true,,999,553,30,30,https://photo-sharing-api-bootcamp.do.dibimbing.id/api/v1/login,340,0,0
1732725051595,383,https://photo-sharing-api-bootcamp.do.dibimbing.id/api/v1/login,200,OK,Thread Group 1-7,text,true,,999,553,30,30,https://photo-sharing-api-bootcamp.do.dibimbing.id/api/v1/login,383,0,0
1732725048153,3926,https://photo-sharing-api-bootcamp.do.dibimbing.id/api/v1/explore-post?size=10&page=1,200,OK,Thread Group 1-11,text,true,,6387,724,30,30,https://photo-sharing-api-bootcamp.do.dibimbing.id/api/v1/explore-post?size=10&page=1,3926,0,0
1732725047969,4093,LoginTest,200,"Number of samples in transaction : 2, number of failing samples : 0",Thread Group 1-11,,true,,7386,1277,30,30,null,4093,17,0
1732725048251,3855,https://photo-sharing-api-bootcamp.do.dibimbing.id/api/v1/explore-post?size=10&page=1,200,OK,Thread Group 1-12,text,true,,5810,724,30,30,https://photo-sharing-api-bootcamp.do.dibimbing.id/api/v1/explore-post?size=10&page=1,3854,0,0
1732725047988,4117,LoginTest,200,"Number of samples in transaction : 2, number of failing samples : 0",Thread Group 1-12,,true,,6809,1277,30,30,null,4116,1,0
1732725048368,3764,https://photo-sharing-api-bootcamp.do.dibimbing.id/api/v1/explore-post?size=10&page=1,200,OK,Thread Group 1-5,text,true,,5663,724,30,30,https://photo-sharing-api-bootcamp.do.dibimbing.id/api/v1/explore-post?size=10&page=1,3763,0,0
1732725048023,4108,LoginTest,200,"Number of samples in transaction : 2, number of failing samples : 0",Thread Group 1-5,,true,,6662,1277,30,30,null,4107,38,0
1732725052080,175,https://photo-sharing-api-bootcamp.do.dibimbing.id/api/v1/login,200,OK,Thread Group 1-11,text,true,,999,553,30,30,https://photo-sharing-api-bootcamp.do.dibimbing.id/api/v1/login,175,0,0
1732725052106,264,https://photo-sharing-api-bootcamp.do.dibimbing.id/api/v1/login,200,OK,Thread Group 1-12,text,true,,999,553,30,30,https://photo-sharing-api-bootcamp.do.dibimbing.id/api/v1/login,264,0,0
1732725048656,3737,https://photo-sharing-api-bootcamp.do.dibimbing.id/api/v1/explore-post?size=10&page=1,200,OK,Thread Group 1-4,text,true,,6282,724,30,30,https://photo-sharing-api-bootcamp.do.dibimbing.id/api/v1/explore-post?size=10&page=1,3737,0,0
1732725048245,4142,LoginTest,200,"Number of samples in transaction : 2, number of failing samples : 0",Thread Group 1-4,,true,,7281,1277,30,30,null,4142,7,0
1732725052169,316,https://photo-sharing-api-bootcamp.do.dibimbing.id/api/v1/login,200,OK,Thread Group 1-5,text,true,,999,553,30,30,https://photo-sharing-api-bootcamp.do.dibimbing.id/api/v1/login,316,0,0
1732725048762,3726,https://photo-sharing-api-bootcamp.do.dibimbing.id/api/v1/explore-post?size=10&page=1,200,OK,Thread Group 1-16,text,true,,5998,724,30,30,https://photo-sharing-api-bootcamp.do.dibimbing.id/api/v1/explore-post?size=10&page=1,3726,0,0
1732725048255,4231,LoginTest,200,"Number of samples in transaction : 2, number of failing samples : 0",Thread Group 1-16,,true,,6997,1277,30,30,null,4231,3,0
1732725048486,4014,https://photo-sharing-api-bootcamp.do.dibimbing.id/api/v1/explore-post?size=10&page=1,200,OK,Thread Group 1-9,text,true,,5741,724,30,30,https://photo-sharing-api-bootcamp.do.dibimbing.id/api/v1/explore-post?size=10&page=1,4014,0,0
1732725048034,4464,LoginTest,200,"Number of samples in transaction : 2, number of failing samples : 0",Thread Group 1-9,,true,,6740,1277,30,30,null,4464,3,0
1732725048976,3663,https://photo-sharing-api-bootcamp.do.dibimbing.id/api/v1/explore-post?size=10&page=1,200,OK,Thread Group 1-13,text,true,,5359,724,30,30,https://photo-sharing-api-bootcamp.do.dibimbing.id/api/v1/explore-post?size=10&page=1,3662,0,0
1732725052394,226,https://photo-sharing-api-bootcamp.do.dibimbing.id/api/v1/login,200,OK,Thread Group 1-4,text,true,,999,553,30,30,https://photo-sharing-api-bootcamp.do.dibimbing.id/api/v1/login,226,0,0
1732725048272,4367,LoginTest,200,"Number of samples in transaction : 2, number of failing samples : 0",Thread Group 1-13,,true,,6358,1277,30,30,null,4366,49,0
1732725052502,380,https://photo-sharing-api-bootcamp.do.dibimbing.id/api/v1/login,200,OK,Thread Group 1-9,text,true,,999,553,30,30,https://photo-sharing-api-bootcamp.do.dibimbing.id/api/v1/login,380,0,0
1732725049156,3741,https://photo-sharing-api-bootcamp.do.dibimbing.id/api/v1/explore-post?size=10&page=1,200,OK,Thread Group 1-15,text,true,,6086,724,30,30,https://photo-sharing-api-bootcamp.do.dibimbing.id/api/v1/explore-post?size=10&page=1,3741,0,0
1732725048371,4474,LoginTest,200,"Number of samples in transaction : 2, number of failing samples : 0",Thread Group 1-15,,true,,7085,1277,30,30,null,4474,52,0
1732725052490,482,https://photo-sharing-api-bootcamp.do.dibimbing.id/api/v1/login,200,OK,Thread Group 1-16,text,true,,999,553,30,30,https://photo-sharing-api-bootcamp.do.dibimbing.id/api/v1/login,482,0,0
1732725052689,324,https://photo-sharing-api-bootcamp.do.dibimbing.id/api/v1/login,200,OK,Thread Group 1-13,text,true,,999,553,30,30,https://photo-sharing-api-bootcamp.do.dibimbing.id/api/v1/login,324,0,0
1732725049322,3737,https://photo-sharing-api-bootcamp.do.dibimbing.id/api/v1/explore-post?size=10&page=1,200,OK,Thread Group 1-17,text,true,,5934,724,30,30,https://photo-sharing-api-bootcamp.do.dibimbing.id/api/v1/explore-post?size=10&page=1,3737,0,0
1732725048491,4567,LoginTest,200,"Number of samples in transaction : 2, number of failing samples : 0",Thread Group 1-17,,true,,6933,1277,30,30,null,4567,3,0
1732725049434,3630,https://photo-sharing-api-bootcamp.do.dibimbing.id/api/v1/explore-post?size=10&page=1,200,OK,Thread Group 1-18,text,true,,5767,724,30,30,https://photo-sharing-api-bootcamp.do.dibimbing.id/api/v1/explore-post?size=10&page=1,3630,0,0
1732725048509,4552,LoginTest,200,"Number of samples in transaction : 2, number of failing samples : 0",Thread Group 1-18,,true,,6766,1277,30,30,null,4552,3,0
1732725052898,285,https://photo-sharing-api-bootcamp.do.dibimbing.id/api/v1/login,200,OK,Thread Group 1-15,text,true,,999,553,30,30,https://photo-sharing-api-bootcamp.do.dibimbing.id/api/v1/login,285,0,0
1732725049453,3737,https://photo-sharing-api-bootcamp.do.dibimbing.id/api/v1/explore-post?size=10&page=1,200,OK,Thread Group 1-19,text,true,,6031,724,30,30,https://photo-sharing-api-bootcamp.do.dibimbing.id/api/v1/explore-post?size=10&page=1,3737,0,0
1732725048519,4670,LoginTest,200,"Number of samples in transaction : 2, number of failing samples : 0",Thread Group 1-19,,true,,7030,1277,30,30,null,4670,1,0
1732725049686,3509,https://photo-sharing-api-bootcamp.do.dibimbing.id/api/v1/explore-post?size=10&page=1,200,OK,Thread Group 1-22,text,true,,6216,724,30,30,https://photo-sharing-api-bootcamp.do.dibimbing.id/api/v1/explore-post?size=10&page=1,3509,0,0
1732725048765,4429,LoginTest,200,"Number of samples in transaction : 2, number of failing samples : 0",Thread Group 1-22,,true,,7215,1277,30,30,null,4429,2,0
1732725049791,3408,https://photo-sharing-api-bootcamp.do.dibimbing.id/api/v1/explore-post?size=10&page=1,200,OK,Thread Group 1-24,text,true,,6325,724,30,30,https://photo-sharing-api-bootcamp.do.dibimbing.id/api/v1/explore-post?size=10&page=1,3408,0,0
1732725048870,4328,LoginTest,200,"Number of samples in transaction : 2, number of failing samples : 0",Thread Group 1-24,,true,,7324,1277,30,30,null,4328,1,0
1732725049686,3517,https://photo-sharing-api-bootcamp.do.dibimbing.id/api/v1/explore-post?size=10&page=1,200,OK,Thread Group 1-21,text,true,,5169,724,30,30,https://photo-sharing-api-bootcamp.do.dibimbing.id/api/v1/explore-post?size=10&page=1,3517,0,0
1732725048656,4546,LoginTest,200,"Number of samples in transaction : 2, number of failing samples : 0",Thread Group 1-21,,true,,6168,1277,30,30,null,4546,2,0
1732725048869,4335,https://photo-sharing-api-bootcamp.do.dibimbing.id/api/v1/explore-post?size=10&page=1,200,OK,Thread Group 1-10,text,true,,6434,724,30,30,https://photo-sharing-api-bootcamp.do.dibimbing.id/api/v1/explore-post?size=10&page=1,4335,0,0
1732725048257,4945,LoginTest,200,"Number of samples in transaction : 2, number of failing samples : 0",Thread Group 1-10,,true,,7433,1277,30,30,null,4945,2,0
1732725050156,3054,https://photo-sharing-api-bootcamp.do.dibimbing.id/api/v1/explore-post?size=10&page=1,200,OK,Thread Group 1-25,text,true,,6520,724,30,30,https://photo-sharing-api-bootcamp.do.dibimbing.id/api/v1/explore-post?size=10&page=1,3054,0,0
1732725048980,4196,LoginTest,200,"Number of samples in transaction : 2, number of failing samples : 0",Thread Group 1-25,,true,,7519,1277,30,30,null,4196,35,0
1732725050013,3312,https://photo-sharing-api-bootcamp.do.dibimbing.id/api/v1/explore-post?size=10&page=1,200,OK,Thread Group 1-26,text,true,,5782,724,30,30,https://photo-sharing-api-bootcamp.do.dibimbing.id/api/v1/explore-post?size=10&page=1,3312,0,0
1732725048977,4347,LoginTest,200,"Number of samples in transaction : 2, number of failing samples : 0",Thread Group 1-26,,true,,6781,1277,30,30,null,4347,2,0
1732725050237,3089,https://photo-sharing-api-bootcamp.do.dibimbing.id/api/v1/explore-post?size=10&page=1,200,OK,Thread Group 1-20,text,true,,6274,724,30,30,https://photo-sharing-api-bootcamp.do.dibimbing.id/api/v1/explore-post?size=10&page=1,3089,0,0
1732725049015,4310,LoginTest,200,"Number of samples in transaction : 2, number of failing samples : 0",Thread Group 1-20,,true,,7273,1277,30,30,null,4310,1,0
1732725050458,2990,https://photo-sharing-api-bootcamp.do.dibimbing.id/api/v1/explore-post?size=10&page=1,200,OK,Thread Group 1-27,text,true,,5887,724,30,30,https://photo-sharing-api-bootcamp.do.dibimbing.id/api/v1/explore-post?size=10&page=1,2990,0,0
1732725049091,4354,LoginTest,200,"Number of samples in transaction : 2, number of failing samples : 0",Thread Group 1-27,,true,,6886,1277,30,30,null,4354,4,0
1732725053062,390,https://photo-sharing-api-bootcamp.do.dibimbing.id/api/v1/login,200,OK,Thread Group 1-17,text,true,,999,553,30,30,https://photo-sharing-api-bootcamp.do.dibimbing.id/api/v1/login,390,0,0
1732725050698,2777,https://photo-sharing-api-bootcamp.do.dibimbing.id/api/v1/explore-post?size=10&page=1,200,OK,Thread Group 1-30,text,true,,4984,724,30,30,https://photo-sharing-api-bootcamp.do.dibimbing.id/api/v1/explore-post?size=10&page=1,2777,0,0
1732725049156,4319,LoginTest,200,"Number of samples in transaction : 2, number of failing samples : 0",Thread Group 1-30,,true,,5983,1277,30,30,null,4318,0,0
1732725050459,3022,https://photo-sharing-api-bootcamp.do.dibimbing.id/api/v1/explore-post?size=10&page=1,200,OK,Thread Group 1-28,text,true,,5754,724,30,30,https://photo-sharing-api-bootcamp.do.dibimbing.id/api/v1/explore-post?size=10&page=1,3022,0,0
1732725049156,4324,LoginTest,200,"Number of samples in transaction : 2, number of failing samples : 0",Thread Group 1-28,,true,,6753,1277,30,30,null,4324,2,0
1732725053065,419,https://photo-sharing-api-bootcamp.do.dibimbing.id/api/v1/login,200,OK,Thread Group 1-18,text,true,,999,553,30,30,https://photo-sharing-api-bootcamp.do.dibimbing.id/api/v1/login,418,0,0
1732725050702,2784,https://photo-sharing-api-bootcamp.do.dibimbing.id/api/v1/explore-post?size=10&page=1,200,OK,Thread Group 1-14,text,true,,5466,724,30,30,https://photo-sharing-api-bootcamp.do.dibimbing.id/api/v1/explore-post?size=10&page=1,2784,0,0
1732725049216,4268,LoginTest,200,"Number of samples in transaction : 2, number of failing samples : 0",Thread Group 1-14,,true,,6465,1277,30,30,null,4268,3,0
1732725050242,3247,https://photo-sharing-api-bootcamp.do.dibimbing.id/api/v1/explore-post?size=10&page=1,200,OK,Thread Group 1-29,text,true,,5648,724,30,30,https://photo-sharing-api-bootcamp.do.dibimbing.id/api/v1/explore-post?size=10&page=1,3247,0,0
1732725049089,4398,LoginTest,200,"Number of samples in transaction : 2, number of failing samples : 0",Thread Group 1-29,,true,,6647,1277,30,30,null,4398,2,0
1732725050809,2696,https://photo-sharing-api-bootcamp.do.dibimbing.id/api/v1/explore-post?size=10&page=1,200,OK,Thread Group 1-8,text,true,,6531,724,30,30,https://photo-sharing-api-bootcamp.do.dibimbing.id/api/v1/explore-post?size=10&page=1,2696,0,0
1732725049321,4184,LoginTest,200,"Number of samples in transaction : 2, number of failing samples : 0",Thread Group 1-8,,true,,7530,1277,30,30,null,4184,0,0
1732725050929,2589,https://photo-sharing-api-bootcamp.do.dibimbing.id/api/v1/explore-post?size=10&page=1,200,OK,Thread Group 1-23,text,true,,6331,724,30,30,https://photo-sharing-api-bootcamp.do.dibimbing.id/api/v1/explore-post?size=10&page=1,2589,0,0
1732725049328,4188,LoginTest,200,"Number of samples in transaction : 2, number of failing samples : 0",Thread Group 1-23,,true,,7330,1277,30,30,null,4188,3,0
1732725053191,547,https://photo-sharing-api-bootcamp.do.dibimbing.id/api/v1/login,200,OK,Thread Group 1-19,text,true,,999,553,30,30,https://photo-sharing-api-bootcamp.do.dibimbing.id/api/v1/login,547,0,0
1732725053196,764,https://photo-sharing-api-bootcamp.do.dibimbing.id/api/v1/login,200,OK,Thread Group 1-22,text,true,,999,553,30,30,https://photo-sharing-api-bootcamp.do.dibimbing.id/api/v1/login,764,0,0
1732725053200,786,https://photo-sharing-api-bootcamp.do.dibimbing.id/api/v1/login,200,OK,Thread Group 1-24,text,true,,999,553,30,30,https://photo-sharing-api-bootcamp.do.dibimbing.id/api/v1/login,786,0,0
1732725053204,783,https://photo-sharing-api-bootcamp.do.dibimbing.id/api/v1/login,200,OK,Thread Group 1-10,text,true,,999,553,30,30,https://photo-sharing-api-bootcamp.do.dibimbing.id/api/v1/login,783,0,0
1732725053204,1137,https://photo-sharing-api-bootcamp.do.dibimbing.id/api/v1/login,200,OK,Thread Group 1-21,text,true,,999,553,30,30,https://photo-sharing-api-bootcamp.do.dibimbing.id/api/v1/login,1137,0,0
1732725053211,1130,https://photo-sharing-api-bootcamp.do.dibimbing.id/api/v1/login,200,OK,Thread Group 1-25,text,true,,999,553,30,30,https://photo-sharing-api-bootcamp.do.dibimbing.id/api/v1/login,1130,0,0
1732725053451,1195,https://photo-sharing-api-bootcamp.do.dibimbing.id/api/v1/login,200,OK,Thread Group 1-27,text,true,,999,553,30,30,https://photo-sharing-api-bootcamp.do.dibimbing.id/api/v1/login,1195,0,0
1732725053327,1349,https://photo-sharing-api-bootcamp.do.dibimbing.id/api/v1/login,200,OK,Thread Group 1-26,text,true,,999,553,30,30,https://photo-sharing-api-bootcamp.do.dibimbing.id/api/v1/login,1349,0,0
1732725053328,1468,https://photo-sharing-api-bootcamp.do.dibimbing.id/api/v1/login,200,OK,Thread Group 1-20,text,true,,999,553,30,30,https://photo-sharing-api-bootcamp.do.dibimbing.id/api/v1/login,1468,0,0
1732725053477,1334,https://photo-sharing-api-bootcamp.do.dibimbing.id/api/v1/login,200,OK,Thread Group 1-30,text,true,,999,553,30,30,https://photo-sharing-api-bootcamp.do.dibimbing.id/api/v1/login,1334,0,0
1732725053483,1343,https://photo-sharing-api-bootcamp.do.dibimbing.id/api/v1/login,200,OK,Thread Group 1-28,text,true,,999,553,30,30,https://photo-sharing-api-bootcamp.do.dibimbing.id/api/v1/login,1343,0,0
1732725053488,1557,https://photo-sharing-api-bootcamp.do.dibimbing.id/api/v1/login,200,OK,Thread Group 1-14,text,true,,999,553,30,30,https://photo-sharing-api-bootcamp.do.dibimbing.id/api/v1/login,1557,0,0
1732725053489,1664,https://photo-sharing-api-bootcamp.do.dibimbing.id/api/v1/login,200,OK,Thread Group 1-29,text,true,,999,553,30,30,https://photo-sharing-api-bootcamp.do.dibimbing.id/api/v1/login,1664,0,0
1732725053506,1756,https://photo-sharing-api-bootcamp.do.dibimbing.id/api/v1/login,200,OK,Thread Group 1-8,text,true,,999,553,30,30,https://photo-sharing-api-bootcamp.do.dibimbing.id/api/v1/login,1756,0,0
1732725051421,4036,https://photo-sharing-api-bootcamp.do.dibimbing.id/api/v1/explore-post?size=10&page=1,200,OK,Thread Group 1-1,text,true,,5777,724,30,30,https://photo-sharing-api-bootcamp.do.dibimbing.id/api/v1/explore-post?size=10&page=1,4036,0,0
1732725051274,4182,LoginTest,200,"Number of samples in transaction : 2, number of failing samples : 0",Thread Group 1-1,,true,,6776,1277,30,30,null,4182,1,0
1732725053519,1986,https://photo-sharing-api-bootcamp.do.dibimbing.id/api/v1/login,200,OK,Thread Group 1-23,text,true,,999,553,30,30,https://photo-sharing-api-bootcamp.do.dibimbing.id/api/v1/login,1985,0,0
1732725055458,159,https://photo-sharing-api-bootcamp.do.dibimbing.id/api/v1/login,200,OK,Thread Group 1-1,text,true,,999,553,30,30,https://photo-sharing-api-bootcamp.do.dibimbing.id/api/v1/login,159,0,0
1732725051596,4024,https://photo-sharing-api-bootcamp.do.dibimbing.id/api/v1/explore-post?size=10&page=1,200,OK,Thread Group 1-6,text,true,,5734,724,30,30,https://photo-sharing-api-bootcamp.do.dibimbing.id/api/v1/explore-post?size=10&page=1,4024,0,0
1732725051429,4190,LoginTest,200,"Number of samples in transaction : 2, number of failing samples : 0",Thread Group 1-6,,true,,6733,1277,30,30,null,4190,1,0
1732725051717,3959,https://photo-sharing-api-bootcamp.do.dibimbing.id/api/v1/explore-post?size=10&page=1,200,OK,Thread Group 1-3,text,true,,6182,724,30,30,https://photo-sharing-api-bootcamp.do.dibimbing.id/api/v1/explore-post?size=10&page=1,3959,0,0
1732725051451,4223,LoginTest,200,"Number of samples in transaction : 2, number of failing samples : 0",Thread Group 1-3,,true,,7181,1277,30,30,null,4223,6,0
1732725051830,3852,https://photo-sharing-api-bootcamp.do.dibimbing.id/api/v1/explore-post?size=10&page=1,200,OK,Thread Group 1-2,text,true,,5293,724,30,30,https://photo-sharing-api-bootcamp.do.dibimbing.id/api/v1/explore-post?size=10&page=1,3852,0,0
1732725051489,4192,LoginTest,200,"Number of samples in transaction : 2, number of failing samples : 0",Thread Group 1-2,,true,,6292,1277,30,30,null,4192,1,0
1732725055621,160,https://photo-sharing-api-bootcamp.do.dibimbing.id/api/v1/login,200,OK,Thread Group 1-6,text,true,,999,553,30,30,https://photo-sharing-api-bootcamp.do.dibimbing.id/api/v1/login,160,0,0
1732725051979,3819,https://photo-sharing-api-bootcamp.do.dibimbing.id/api/v1/explore-post?size=10&page=1,200,OK,Thread Group 1-7,text,true,,6385,724,30,30,https://photo-sharing-api-bootcamp.do.dibimbing.id/api/v1/explore-post?size=10&page=1,3819,0,0
1732725051595,4202,LoginTest,200,"Number of samples in transaction : 2, number of failing samples : 0",Thread Group 1-7,,true,,7384,1277,30,30,null,4202,1,0
1732725055683,341,https://photo-sharing-api-bootcamp.do.dibimbing.id/api/v1/login,200,OK,Thread Group 1-2,text,true,,999,553,30,30,https://photo-sharing-api-bootcamp.do.dibimbing.id/api/v1/login,341,0,0
1732725055681,346,https://photo-sharing-api-bootcamp.do.dibimbing.id/api/v1/login,200,OK,Thread Group 1-3,text,true,,999,553,30,30,https://photo-sharing-api-bootcamp.do.dibimbing.id/api/v1/login,346,0,0
1732725052256,4037,https://photo-sharing-api-bootcamp.do.dibimbing.id/api/v1/explore-post?size=10&page=1,200,OK,Thread Group 1-11,text,true,,5931,724,30,30,https://photo-sharing-api-bootcamp.do.dibimbing.id/api/v1/explore-post?size=10&page=1,4037,0,0
1732725052080,4212,LoginTest,200,"Number of samples in transaction : 2, number of failing samples : 0",Thread Group 1-11,,true,,6930,1277,30,30,null,4212,2,0
1732725055799,646,https://photo-sharing-api-bootcamp.do.dibimbing.id/api/v1/login,200,OK,Thread Group 1-7,text,true,,999,553,30,30,https://photo-sharing-api-bootcamp.do.dibimbing.id/api/v1/login,646,0,0
1732725056295,190,https://photo-sharing-api-bootcamp.do.dibimbing.id/api/v1/login,200,OK,Thread Group 1-11,text,true,,999,553,30,30,https://photo-sharing-api-bootcamp.do.dibimbing.id/api/v1/login,190,0,0
1732725052689,3832,https://photo-sharing-api-bootcamp.do.dibimbing.id/api/v1/explore-post?size=10&page=1,200,OK,Thread Group 1-4,text,true,,5622,724,30,30,https://photo-sharing-api-bootcamp.do.dibimbing.id/api/v1/explore-post?size=10&page=1,3832,0,0
1732725052394,4058,LoginTest,200,"Number of samples in transaction : 2, number of failing samples : 0",Thread Group 1-4,,true,,6621,1277,30,30,null,4058,70,0
1732725052371,4189,https://photo-sharing-api-bootcamp.do.dibimbing.id/api/v1/explore-post?size=10&page=1,200,OK,Thread Group 1-12,text,true,,6584,724,30,30,https://photo-sharing-api-bootcamp.do.dibimbing.id/api/v1/explore-post?size=10&page=1,4189,0,0
1732725052106,4453,LoginTest,200,"Number of samples in transaction : 2, number of failing samples : 0",Thread Group 1-12,,true,,7583,1277,30,30,null,4453,2,0
1732725052883,3684,https://photo-sharing-api-bootcamp.do.dibimbing.id/api/v1/explore-post?size=10&page=1,200,OK,Thread Group 1-9,text,true,,5806,724,30,30,https://photo-sharing-api-bootcamp.do.dibimbing.id/api/v1/explore-post?size=10&page=1,3684,0,0
1732725052502,4064,LoginTest,200,"Number of samples in transaction : 2, number of failing samples : 0",Thread Group 1-9,,true,,6805,1277,30,30,null,4064,2,0
1732725052486,4083,https://photo-sharing-api-bootcamp.do.dibimbing.id/api/v1/explore-post?size=10&page=1,200,OK,Thread Group 1-5,text,true,,5525,724,30,30,https://photo-sharing-api-bootcamp.do.dibimbing.id/api/v1/explore-post?size=10&page=1,4083,0,0
1732725052169,4399,LoginTest,200,"Number of samples in transaction : 2, number of failing samples : 0",Thread Group 1-5,,true,,6524,1277,30,30,null,4399,1,0
1732725053014,3560,https://photo-sharing-api-bootcamp.do.dibimbing.id/api/v1/explore-post?size=10&page=1,200,OK,Thread Group 1-13,text,true,,5483,724,30,30,https://photo-sharing-api-bootcamp.do.dibimbing.id/api/v1/explore-post?size=10&page=1,3560,0,0
1732725052688,3884,LoginTest,200,"Number of samples in transaction : 2, number of failing samples : 0",Thread Group 1-13,,true,,6482,1277,30,30,null,3884,3,0
1732725052972,3610,https://photo-sharing-api-bootcamp.do.dibimbing.id/api/v1/explore-post?size=10&page=1,200,OK,Thread Group 1-16,text,true,,4448,724,30,30,https://photo-sharing-api-bootcamp.do.dibimbing.id/api/v1/explore-post?size=10&page=1,3610,0,0
1732725052490,4092,LoginTest,200,"Number of samples in transaction : 2, number of failing samples : 0",Thread Group 1-16,,true,,5447,1277,30,30,null,4092,1,0
1732725056522,183,https://photo-sharing-api-bootcamp.do.dibimbing.id/api/v1/login,200,OK,Thread Group 1-4,text,true,,999,553,30,30,https://photo-sharing-api-bootcamp.do.dibimbing.id/api/v1/login,183,0,0
1732725053183,3805,https://photo-sharing-api-bootcamp.do.dibimbing.id/api/v1/explore-post?size=10&page=1,200,OK,Thread Group 1-15,text,true,,6176,724,30,30,https://photo-sharing-api-bootcamp.do.dibimbing.id/api/v1/explore-post?size=10&page=1,3805,0,0
1732725052898,4090,LoginTest,200,"Number of samples in transaction : 2, number of failing samples : 0",Thread Group 1-15,,true,,7175,1277,30,30,null,4090,1,0
1732725056569,545,https://photo-sharing-api-bootcamp.do.dibimbing.id/api/v1/login,200,OK,Thread Group 1-9,text,true,,999,553,30,30,https://photo-sharing-api-bootcamp.do.dibimbing.id/api/v1/login,545,0,0
1732725056570,678,https://photo-sharing-api-bootcamp.do.dibimbing.id/api/v1/login,200,OK,Thread Group 1-5,text,true,,999,553,30,30,https://photo-sharing-api-bootcamp.do.dibimbing.id/api/v1/login,678,0,0
1732725056576,785,https://photo-sharing-api-bootcamp.do.dibimbing.id/api/v1/login,200,OK,Thread Group 1-13,text,true,,999,553,30,30,https://photo-sharing-api-bootcamp.do.dibimbing.id/api/v1/login,785,0,0
1732725056583,803,https://photo-sharing-api-bootcamp.do.dibimbing.id/api/v1/login,200,OK,Thread Group 1-16,text,true,,999,553,30,30,https://photo-sharing-api-bootcamp.do.dibimbing.id/api/v1/login,803,0,0
1732725056561,900,https://photo-sharing-api-bootcamp.do.dibimbing.id/api/v1/login,200,OK,Thread Group 1-12,text,true,,999,553,30,30,https://photo-sharing-api-bootcamp.do.dibimbing.id/api/v1/login,900,0,0
1732725056989,558,https://photo-sharing-api-bootcamp.do.dibimbing.id/api/v1/login,200,OK,Thread Group 1-15,text,true,,999,553,30,30,https://photo-sharing-api-bootcamp.do.dibimbing.id/api/v1/login,558,0,0
1732725053453,4115,https://photo-sharing-api-bootcamp.do.dibimbing.id/api/v1/explore-post?size=10&page=1,200,OK,Thread Group 1-17,text,true,,5887,724,30,30,https://photo-sharing-api-bootcamp.do.dibimbing.id/api/v1/explore-post?size=10&page=1,4115,0,0
1732725053061,4505,LoginTest,200,"Number of samples in transaction : 2, number of failing samples : 0",Thread Group 1-17,,true,,6886,1277,30,30,null,4505,2,0
1732725053485,4107,https://photo-sharing-api-bootcamp.do.dibimbing.id/api/v1/explore-post?size=10&page=1,200,OK,Thread Group 1-18,text,true,,5692,724,30,30,https://photo-sharing-api-bootcamp.do.dibimbing.id/api/v1/explore-post?size=10&page=1,4107,0,0
1732725053064,4526,LoginTest,200,"Number of samples in transaction : 2, number of failing samples : 0",Thread Group 1-18,,true,,6691,1277,30,30,null,4525,5,0
1732725057569,217,https://photo-sharing-api-bootcamp.do.dibimbing.id/api/v1/login,200,OK,Thread Group 1-17,text,true,,999,553,30,30,https://photo-sharing-api-bootcamp.do.dibimbing.id/api/v1/login,217,0,0
1732725053739,4048,https://photo-sharing-api-bootcamp.do.dibimbing.id/api/v1/explore-post?size=10&page=1,200,OK,Thread Group 1-19,text,true,,5036,724,30,30,https://photo-sharing-api-bootcamp.do.dibimbing.id/api/v1/explore-post?size=10&page=1,4048,0,0
1732725053190,4595,LoginTest,200,"Number of samples in transaction : 2, number of failing samples : 0",Thread Group 1-19,,true,,6035,1277,30,30,null,4595,2,0
1732725053986,3807,https://photo-sharing-api-bootcamp.do.dibimbing.id/api/v1/explore-post?size=10&page=1,200,OK,Thread Group 1-24,text,true,,5450,724,30,30,https://photo-sharing-api-bootcamp.do.dibimbing.id/api/v1/explore-post?size=10&page=1,3807,0,0
1732725053200,4593,LoginTest,200,"Number of samples in transaction : 2, number of failing samples : 0",Thread Group 1-24,,true,,6449,1277,30,30,null,4593,1,0
1732725053961,3835,https://photo-sharing-api-bootcamp.do.dibimbing.id/api/v1/explore-post?size=10&page=1,200,OK,Thread Group 1-22,text,true,,5471,724,30,30,https://photo-sharing-api-bootcamp.do.dibimbing.id/api/v1/explore-post?size=10&page=1,3835,0,0
1732725053196,4599,LoginTest,200,"Number of samples in transaction : 2, number of failing samples : 0",Thread Group 1-22,,true,,6470,1277,30,30,null,4599,1,0
1732725057595,309,https://photo-sharing-api-bootcamp.do.dibimbing.id/api/v1/login,200,OK,Thread Group 1-18,text,true,,999,553,30,30,https://photo-sharing-api-bootcamp.do.dibimbing.id/api/v1/login,309,0,0
1732725054342,3569,https://photo-sharing-api-bootcamp.do.dibimbing.id/api/v1/explore-post?size=10&page=1,200,OK,Thread Group 1-25,text,true,,5195,724,30,30,https://photo-sharing-api-bootcamp.do.dibimbing.id/api/v1/explore-post?size=10&page=1,3569,0,0
1732725053211,4699,LoginTest,200,"Number of samples in transaction : 2, number of failing samples : 0",Thread Group 1-25,,true,,6194,1277,30,30,null,4699,1,0
1732725054680,3256,https://photo-sharing-api-bootcamp.do.dibimbing.id/api/v1/explore-post?size=10&page=1,200,OK,Thread Group 1-27,text,true,,6037,724,30,30,https://photo-sharing-api-bootcamp.do.dibimbing.id/api/v1/explore-post?size=10&page=1,3256,0,0
1732725053450,4451,LoginTest,200,"Number of samples in transaction : 2, number of failing samples : 0",Thread Group 1-27,,true,,7036,1277,30,30,null,4451,35,0
1732725054812,3126,https://photo-sharing-api-bootcamp.do.dibimbing.id/api/v1/explore-post?size=10&page=1,200,OK,Thread Group 1-30,text,true,,6032,724,30,30,https://photo-sharing-api-bootcamp.do.dibimbing.id/api/v1/explore-post?size=10&page=1,3126,0,0
1732725053476,4460,LoginTest,200,"Number of samples in transaction : 2, number of failing samples : 0",Thread Group 1-30,,true,,7031,1277,30,30,null,4460,2,0
1732725053988,3953,https://photo-sharing-api-bootcamp.do.dibimbing.id/api/v1/explore-post?size=10&page=1,200,OK,Thread Group 1-10,text,true,,5853,724,30,30,https://photo-sharing-api-bootcamp.do.dibimbing.id/api/v1/explore-post?size=10&page=1,3953,0,0
1732725053204,4736,LoginTest,200,"Number of samples in transaction : 2, number of failing samples : 0",Thread Group 1-10,,true,,6852,1277,30,30,null,4736,2,0
1732725054680,3266,https://photo-sharing-api-bootcamp.do.dibimbing.id/api/v1/explore-post?size=10&page=1,200,OK,Thread Group 1-26,text,true,,5988,724,30,30,https://photo-sharing-api-bootcamp.do.dibimbing.id/api/v1/explore-post?size=10&page=1,3266,0,0
1732725053326,4615,LoginTest,200,"Number of samples in transaction : 2, number of failing samples : 0",Thread Group 1-26,,true,,6987,1277,30,30,null,4615,6,0
1732725057788,273,https://photo-sharing-api-bootcamp.do.dibimbing.id/api/v1/login,200,OK,Thread Group 1-19,text,true,,999,553,30,30,https://photo-sharing-api-bootcamp.do.dibimbing.id/api/v1/login,273,0,0
1732725054797,3383,https://photo-sharing-api-bootcamp.do.dibimbing.id/api/v1/explore-post?size=10&page=1,200,OK,Thread Group 1-20,text,true,,6151,724,30,30,https://photo-sharing-api-bootcamp.do.dibimbing.id/api/v1/explore-post?size=10&page=1,3383,0,0
1732725055046,3119,https://photo-sharing-api-bootcamp.do.dibimbing.id/api/v1/explore-post?size=10&page=1,200,OK,Thread Group 1-14,text,true,,5955,724,30,30,https://photo-sharing-api-bootcamp.do.dibimbing.id/api/v1/explore-post?size=10&page=1,3119,0,0
1732725054827,3356,https://photo-sharing-api-bootcamp.do.dibimbing.id/api/v1/explore-post?size=10&page=1,200,OK,Thread Group 1-28,text,true,,4794,724,30,30,https://photo-sharing-api-bootcamp.do.dibimbing.id/api/v1/explore-post?size=10&page=1,3356,0,0
1732725053328,4851,LoginTest,200,"Number of samples in transaction : 2, number of failing samples : 0",Thread Group 1-20,,true,,7150,1277,30,30,null,4851,11,0
1732725053487,4676,LoginTest,200,"Number of samples in transaction : 2, number of failing samples : 0",Thread Group 1-14,,true,,6954,1277,30,30,null,4676,27,0
1732725053482,4699,LoginTest,200,"Number of samples in transaction : 2, number of failing samples : 0",Thread Group 1-28,,true,,5793,1277,30,30,null,4699,9,0
1732725054341,3851,https://photo-sharing-api-bootcamp.do.dibimbing.id/api/v1/explore-post?size=10&page=1,200,OK,Thread Group 1-21,text,true,,6076,724,30,30,https://photo-sharing-api-bootcamp.do.dibimbing.id/api/v1/explore-post?size=10&page=1,3851,0,0
1732725053204,4988,LoginTest,200,"Number of samples in transaction : 2, number of failing samples : 0",Thread Group 1-21,,true,,7075,1277,30,30,null,4988,1,0
1732725055178,3109,https://photo-sharing-api-bootcamp.do.dibimbing.id/api/v1/explore-post?size=10&page=1,200,OK,Thread Group 1-29,text,true,,6231,724,30,30,https://photo-sharing-api-bootcamp.do.dibimbing.id/api/v1/explore-post?size=10&page=1,3109,0,0
1732725053489,4773,LoginTest,200,"Number of samples in transaction : 2, number of failing samples : 0",Thread Group 1-29,,true,,7230,1277,30,30,null,4773,26,0
1732725057795,498,https://photo-sharing-api-bootcamp.do.dibimbing.id/api/v1/login,200,OK,Thread Group 1-24,text,true,,999,553,30,30,https://photo-sharing-api-bootcamp.do.dibimbing.id/api/v1/login,498,0,0
1732725057797,496,https://photo-sharing-api-bootcamp.do.dibimbing.id/api/v1/login,200,OK,Thread Group 1-22,text,true,,999,553,30,30,https://photo-sharing-api-bootcamp.do.dibimbing.id/api/v1/login,496,0,0
1732725057912,502,https://photo-sharing-api-bootcamp.do.dibimbing.id/api/v1/login,200,OK,Thread Group 1-25,text,true,,999,553,30,30,https://photo-sharing-api-bootcamp.do.dibimbing.id/api/v1/login,502,0,0
1732725055263,3289,https://photo-sharing-api-bootcamp.do.dibimbing.id/api/v1/explore-post?size=10&page=1,200,OK,Thread Group 1-8,text,true,,5633,724,30,30,https://photo-sharing-api-bootcamp.do.dibimbing.id/api/v1/explore-post?size=10&page=1,3288,0,0
1732725053506,5045,LoginTest,200,"Number of samples in transaction : 2, number of failing samples : 0",Thread Group 1-8,,true,,6632,1277,30,30,null,5044,1,0
1732725057936,693,https://photo-sharing-api-bootcamp.do.dibimbing.id/api/v1/login,200,OK,Thread Group 1-27,text,true,,999,553,30,30,https://photo-sharing-api-bootcamp.do.dibimbing.id/api/v1/login,692,0,0
1732725057939,806,https://photo-sharing-api-bootcamp.do.dibimbing.id/api/v1/login,200,OK,Thread Group 1-30,text,true,,999,553,30,30,https://photo-sharing-api-bootcamp.do.dibimbing.id/api/v1/login,806,0,0
1732725057942,932,https://photo-sharing-api-bootcamp.do.dibimbing.id/api/v1/login,200,OK,Thread Group 1-10,text,true,,999,553,30,30,https://photo-sharing-api-bootcamp.do.dibimbing.id/api/v1/login,932,0,0
1732725057947,957,https://photo-sharing-api-bootcamp.do.dibimbing.id/api/v1/login,200,OK,Thread Group 1-26,text,true,,999,553,30,30,https://photo-sharing-api-bootcamp.do.dibimbing.id/api/v1/login,957,0,0
1732725058190,927,https://photo-sharing-api-bootcamp.do.dibimbing.id/api/v1/login,200,OK,Thread Group 1-14,text,true,,999,553,30,30,https://photo-sharing-api-bootcamp.do.dibimbing.id/api/v1/login,927,0,0
1732725058190,929,https://photo-sharing-api-bootcamp.do.dibimbing.id/api/v1/login,200,OK,Thread Group 1-20,text,true,,999,553,30,30,https://photo-sharing-api-bootcamp.do.dibimbing.id/api/v1/login,929,0,0
1732725058191,1030,https://photo-sharing-api-bootcamp.do.dibimbing.id/api/v1/login,200,OK,Thread Group 1-28,text,true,,999,553,30,30,https://photo-sharing-api-bootcamp.do.dibimbing.id/api/v1/login,1030,0,0
1732725058193,1130,https://photo-sharing-api-bootcamp.do.dibimbing.id/api/v1/login,200,OK,Thread Group 1-21,text,true,,999,553,30,30,https://photo-sharing-api-bootcamp.do.dibimbing.id/api/v1/login,1130,0,0
1732725058288,1161,https://photo-sharing-api-bootcamp.do.dibimbing.id/api/v1/login,200,OK,Thread Group 1-29,text,true,,999,553,30,30,https://photo-sharing-api-bootcamp.do.dibimbing.id/api/v1/login,1161,0,0
1732725058552,1026,https://photo-sharing-api-bootcamp.do.dibimbing.id/api/v1/login,200,OK,Thread Group 1-8,text,true,,999,553,30,30,https://photo-sharing-api-bootcamp.do.dibimbing.id/api/v1/login,1026,0,0
1732725055618,4181,https://photo-sharing-api-bootcamp.do.dibimbing.id/api/v1/explore-post?size=10&page=1,200,OK,Thread Group 1-1,text,true,,5199,724,30,30,https://photo-sharing-api-bootcamp.do.dibimbing.id/api/v1/explore-post?size=10&page=1,4181,0,0
1732725055505,4299,https://photo-sharing-api-bootcamp.do.dibimbing.id/api/v1/explore-post?size=10&page=1,200,OK,Thread Group 1-23,text,true,,5230,724,30,30,https://photo-sharing-api-bootcamp.do.dibimbing.id/api/v1/explore-post?size=10&page=1,4299,0,0
1732725055458,4340,LoginTest,200,"Number of samples in transaction : 2, number of failing samples : 0",Thread Group 1-1,,true,,6198,1277,30,30,null,4340,12,0
1732725053519,6285,LoginTest,200,"Number of samples in transaction : 2, number of failing samples : 0",Thread Group 1-23,,true,,6229,1277,30,30,null,6284,6,0
1732725055781,4079,https://photo-sharing-api-bootcamp.do.dibimbing.id/api/v1/explore-post?size=10&page=1,200,OK,Thread Group 1-6,text,true,,6101,724,30,30,https://photo-sharing-api-bootcamp.do.dibimbing.id/api/v1/explore-post?size=10&page=1,4079,0,0
1732725055620,4239,LoginTest,200,"Number of samples in transaction : 2, number of failing samples : 0",Thread Group 1-6,,true,,7100,1277,30,30,null,4239,2,0
1732725059810,268,https://photo-sharing-api-bootcamp.do.dibimbing.id/api/v1/login,200,OK,Thread Group 1-23,text,true,,999,553,30,30,https://photo-sharing-api-bootcamp.do.dibimbing.id/api/v1/login,268,0,0
1732725059810,284,https://photo-sharing-api-bootcamp.do.dibimbing.id/api/v1/login,200,OK,Thread Group 1-1,text,true,,999,553,30,30,https://photo-sharing-api-bootcamp.do.dibimbing.id/api/v1/login,284,0,0
1732725056028,4086,https://photo-sharing-api-bootcamp.do.dibimbing.id/api/v1/explore-post?size=10&page=1,200,OK,Thread Group 1-3,text,true,,5965,724,30,30,https://photo-sharing-api-bootcamp.do.dibimbing.id/api/v1/explore-post?size=10&page=1,4086,0,0
1732725055681,4432,LoginTest,200,"Number of samples in transaction : 2, number of failing samples : 0",Thread Group 1-3,,true,,6964,1277,30,30,null,4432,2,0
1732725056026,4103,https://photo-sharing-api-bootcamp.do.dibimbing.id/api/v1/explore-post?size=10&page=1,200,OK,Thread Group 1-2,text,true,,6149,724,30,30,https://photo-sharing-api-bootcamp.do.dibimbing.id/api/v1/explore-post?size=10&page=1,4103,0,0
1732725055683,4444,LoginTest,200,"Number of samples in transaction : 2, number of failing samples : 0",Thread Group 1-2,,true,,7148,1277,30,30,null,4444,10,0
1732725059862,370,https://photo-sharing-api-bootcamp.do.dibimbing.id/api/v1/login,200,OK,Thread Group 1-6,text,true,,999,553,30,30,https://photo-sharing-api-bootcamp.do.dibimbing.id/api/v1/login,370,0,0
1732725060116,254,https://photo-sharing-api-bootcamp.do.dibimbing.id/api/v1/login,200,OK,Thread Group 1-3,text,true,,999,553,30,30,https://photo-sharing-api-bootcamp.do.dibimbing.id/api/v1/login,254,0,0
1732725060138,345,https://photo-sharing-api-bootcamp.do.dibimbing.id/api/v1/login,200,OK,Thread Group 1-2,text,true,,999,553,30,30,https://photo-sharing-api-bootcamp.do.dibimbing.id/api/v1/login,345,0,0
1732725056445,4140,https://photo-sharing-api-bootcamp.do.dibimbing.id/api/v1/explore-post?size=10&page=1,200,OK,Thread Group 1-7,text,true,,5555,724,30,30,https://photo-sharing-api-bootcamp.do.dibimbing.id/api/v1/explore-post?size=10&page=1,4140,0,0
1732725055798,4786,LoginTest,200,"Number of samples in transaction : 2, number of failing samples : 0",Thread Group 1-7,,true,,6554,1277,30,30,null,4786,2,0
1732725056485,4119,https://photo-sharing-api-bootcamp.do.dibimbing.id/api/v1/explore-post?size=10&page=1,200,OK,Thread Group 1-11,text,true,,5009,724,30,30,https://photo-sharing-api-bootcamp.do.dibimbing.id/api/v1/explore-post?size=10&page=1,4119,0,0
1732725056294,4309,LoginTest,200,"Number of samples in transaction : 2, number of failing samples : 0",Thread Group 1-11,,true,,6008,1277,30,30,null,4309,1,0
1732725060586,214,https://photo-sharing-api-bootcamp.do.dibimbing.id/api/v1/login,200,OK,Thread Group 1-7,text,true,,999,553,30,30,https://photo-sharing-api-bootcamp.do.dibimbing.id/api/v1/login,214,0,0
1732725060605,340,https://photo-sharing-api-bootcamp.do.dibimbing.id/api/v1/login,200,OK,Thread Group 1-11,text,true,,999,553,30,30,https://photo-sharing-api-bootcamp.do.dibimbing.id/api/v1/login,340,0,0
1732725057362,3660,https://photo-sharing-api-bootcamp.do.dibimbing.id/api/v1/explore-post?size=10&page=1,200,OK,Thread Group 1-13,text,true,,5162,724,30,30,https://photo-sharing-api-bootcamp.do.dibimbing.id/api/v1/explore-post?size=10&page=1,3660,0,0
1732725056576,4445,LoginTest,200,"Number of samples in transaction : 2, number of failing samples : 0",Thread Group 1-13,,true,,6161,1277,30,30,null,4445,2,0
1732725057115,3909,https://photo-sharing-api-bootcamp.do.dibimbing.id/api/v1/explore-post?size=10&page=1,200,OK,Thread Group 1-9,text,true,,5779,724,30,30,https://photo-sharing-api-bootcamp.do.dibimbing.id/api/v1/explore-post?size=10&page=1,3909,0,0
1732725056568,4454,LoginTest,200,"Number of samples in transaction : 2, number of failing samples : 0",Thread Group 1-9,,true,,6778,1277,30,30,null,4454,3,0
1732725057248,3784,https://photo-sharing-api-bootcamp.do.dibimbing.id/api/v1/explore-post?size=10&page=1,200,OK,Thread Group 1-5,text,true,,5389,724,30,30,https://photo-sharing-api-bootcamp.do.dibimbing.id/api/v1/explore-post?size=10&page=1,3784,0,0
1732725056569,4462,LoginTest,200,"Number of samples in transaction : 2, number of failing samples : 0",Thread Group 1-5,,true,,6388,1277,30,30,null,4462,1,0
1732725057387,3646,https://photo-sharing-api-bootcamp.do.dibimbing.id/api/v1/explore-post?size=10&page=1,200,OK,Thread Group 1-16,text,true,,4972,724,30,30,https://photo-sharing-api-bootcamp.do.dibimbing.id/api/v1/explore-post?size=10&page=1,3646,0,0
1732725056583,4449,LoginTest,200,"Number of samples in transaction : 2, number of failing samples : 0",Thread Group 1-16,,true,,5971,1277,30,30,null,4449,2,0
1732725057462,3620,https://photo-sharing-api-bootcamp.do.dibimbing.id/api/v1/explore-post?size=10&page=1,200,OK,Thread Group 1-12,text,true,,6111,724,30,30,https://photo-sharing-api-bootcamp.do.dibimbing.id/api/v1/explore-post?size=10&page=1,3619,0,0
1732725056561,4520,LoginTest,200,"Number of samples in transaction : 2, number of failing samples : 0",Thread Group 1-12,,true,,7110,1277,30,30,null,4519,1,0
1732725057548,3534,https://photo-sharing-api-bootcamp.do.dibimbing.id/api/v1/explore-post?size=10&page=1,200,OK,Thread Group 1-15,text,true,,6450,724,30,30,https://photo-sharing-api-bootcamp.do.dibimbing.id/api/v1/explore-post?size=10&page=1,3534,0,0
1732725056989,4092,LoginTest,200,"Number of samples in transaction : 2, number of failing samples : 0",Thread Group 1-15,,true,,7449,1277,30,30,null,4092,2,0
1732725061024,382,https://photo-sharing-api-bootcamp.do.dibimbing.id/api/v1/login,200,OK,Thread Group 1-13,text,true,,999,553,30,30,https://photo-sharing-api-bootcamp.do.dibimbing.id/api/v1/login,382,0,0
1732725061025,459,https://photo-sharing-api-bootcamp.do.dibimbing.id/api/v1/login,200,OK,Thread Group 1-9,text,true,,999,553,30,30,https://photo-sharing-api-bootcamp.do.dibimbing.id/api/v1/login,459,0,0
1732725061033,596,https://photo-sharing-api-bootcamp.do.dibimbing.id/api/v1/login,200,OK,Thread Group 1-5,text,true,,999,553,30,30,https://photo-sharing-api-bootcamp.do.dibimbing.id/api/v1/login,596,0,0
1732725061034,640,https://photo-sharing-api-bootcamp.do.dibimbing.id/api/v1/login,200,OK,Thread Group 1-16,text,true,,999,553,30,30,https://photo-sharing-api-bootcamp.do.dibimbing.id/api/v1/login,639,0,0
1732725056706,4998,https://photo-sharing-api-bootcamp.do.dibimbing.id/api/v1/explore-post?size=10&page=1,200,OK,Thread Group 1-4,text,true,,5615,724,30,30,https://photo-sharing-api-bootcamp.do.dibimbing.id/api/v1/explore-post?size=10&page=1,4998,0,0
1732725056522,5181,LoginTest,200,"Number of samples in transaction : 2, number of failing samples : 0",Thread Group 1-4,,true,,6614,1277,30,30,null,5181,2,0
1732725061083,874,https://photo-sharing-api-bootcamp.do.dibimbing.id/api/v1/login,200,OK,Thread Group 1-12,text,true,,999,553,30,30,https://photo-sharing-api-bootcamp.do.dibimbing.id/api/v1/login,874,0,0
1732725061083,898,https://photo-sharing-api-bootcamp.do.dibimbing.id/api/v1/login,200,OK,Thread Group 1-15,text,true,,999,553,30,30,https://photo-sharing-api-bootcamp.do.dibimbing.id/api/v1/login,898,0,0
1732725057786,4221,https://photo-sharing-api-bootcamp.do.dibimbing.id/api/v1/explore-post?size=10&page=1,200,OK,Thread Group 1-17,text,true,,5408,724,30,30,https://photo-sharing-api-bootcamp.do.dibimbing.id/api/v1/explore-post?size=10&page=1,4221,0,0
1732725057568,4438,LoginTest,200,"Number of samples in transaction : 2, number of failing samples : 0",Thread Group 1-17,,true,,6407,1277,30,30,null,4438,1,0
1732725061706,432,https://photo-sharing-api-bootcamp.do.dibimbing.id/api/v1/login,200,OK,Thread Group 1-4,text,true,,999,553,30,30,https://photo-sharing-api-bootcamp.do.dibimbing.id/api/v1/login,432,0,0
1732725062008,286,https://photo-sharing-api-bootcamp.do.dibimbing.id/api/v1/login,200,OK,Thread Group 1-17,text,true,,999,553,30,30,https://photo-sharing-api-bootcamp.do.dibimbing.id/api/v1/login,286,0,0
1732725058061,4255,https://photo-sharing-api-bootcamp.do.dibimbing.id/api/v1/explore-post?size=10&page=1,200,OK,Thread Group 1-19,text,true,,5569,724,30,30,https://photo-sharing-api-bootcamp.do.dibimbing.id/api/v1/explore-post?size=10&page=1,4255,0,0
1732725057787,4528,LoginTest,200,"Number of samples in transaction : 2, number of failing samples : 0",Thread Group 1-19,,true,,6568,1277,30,30,null,4528,2,0
1732725058293,4058,https://photo-sharing-api-bootcamp.do.dibimbing.id/api/v1/explore-post?size=10&page=1,200,OK,Thread Group 1-24,text,true,,6105,724,30,30,https://photo-sharing-api-bootcamp.do.dibimbing.id/api/v1/explore-post?size=10&page=1,4058,0,0
1732725057794,4556,LoginTest,200,"Number of samples in transaction : 2, number of failing samples : 0",Thread Group 1-24,,true,,7104,1277,30,30,null,4556,2,0
1732725058294,4070,https://photo-sharing-api-bootcamp.do.dibimbing.id/api/v1/explore-post?size=10&page=1,200,OK,Thread Group 1-22,text,true,,5739,724,30,30,https://photo-sharing-api-bootcamp.do.dibimbing.id/api/v1/explore-post?size=10&page=1,4070,0,0
1732725057797,4566,LoginTest,200,"Number of samples in transaction : 2, number of failing samples : 0",Thread Group 1-22,,true,,6738,1277,30,30,null,4566,2,0
1732725057904,4481,https://photo-sharing-api-bootcamp.do.dibimbing.id/api/v1/explore-post?size=10&page=1,200,OK,Thread Group 1-18,text,true,,6027,724,30,30,https://photo-sharing-api-bootcamp.do.dibimbing.id/api/v1/explore-post?size=10&page=1,4481,0,0
1732725057595,4790,LoginTest,200,"Number of samples in transaction : 2, number of failing samples : 0",Thread Group 1-18,,true,,7026,1277,30,30,null,4790,0,0
1732725058746,3758,https://photo-sharing-api-bootcamp.do.dibimbing.id/api/v1/explore-post?size=10&page=1,200,OK,Thread Group 1-30,text,true,,6074,724,30,30,https://photo-sharing-api-bootcamp.do.dibimbing.id/api/v1/explore-post?size=10&page=1,3757,0,0
1732725057938,4564,LoginTest,200,"Number of samples in transaction : 2, number of failing samples : 0",Thread Group 1-30,,true,,7073,1277,30,30,null,4563,2,0
1732725062317,190,https://photo-sharing-api-bootcamp.do.dibimbing.id/api/v1/login,200,OK,Thread Group 1-19,text,true,,999,553,30,30,https://photo-sharing-api-bootcamp.do.dibimbing.id/api/v1/login,190,0,0
1732725059119,3393,https://photo-sharing-api-bootcamp.do.dibimbing.id/api/v1/explore-post?size=10&page=1,200,OK,Thread Group 1-14,text,true,,6011,724,30,30,https://photo-sharing-api-bootcamp.do.dibimbing.id/api/v1/explore-post?size=10&page=1,3393,0,0
1732725058190,4320,LoginTest,200,"Number of samples in transaction : 2, number of failing samples : 0",Thread Group 1-14,,true,,7010,1277,30,30,null,4320,2,0
1732725058904,3619,https://photo-sharing-api-bootcamp.do.dibimbing.id/api/v1/explore-post?size=10&page=1,200,OK,Thread Group 1-26,text,true,,6002,724,30,30,https://photo-sharing-api-bootcamp.do.dibimbing.id/api/v1/explore-post?size=10&page=1,3619,0,0
1732725057947,4576,LoginTest,200,"Number of samples in transaction : 2, number of failing samples : 0",Thread Group 1-26,,true,,7001,1277,30,30,null,4576,0,0
1732725058629,3898,https://photo-sharing-api-bootcamp.do.dibimbing.id/api/v1/explore-post?size=10&page=1,200,OK,Thread Group 1-27,text,true,,6197,724,30,30,https://photo-sharing-api-bootcamp.do.dibimbing.id/api/v1/explore-post?size=10&page=1,3898,0,0
1732725057936,4591,LoginTest,200,"Number of samples in transaction : 2, number of failing samples : 0",Thread Group 1-27,,true,,7196,1277,30,30,null,4590,0,0
1732725058875,3681,https://photo-sharing-api-bootcamp.do.dibimbing.id/api/v1/explore-post?size=10&page=1,200,OK,Thread Group 1-10,text,true,,5185,724,30,30,https://photo-sharing-api-bootcamp.do.dibimbing.id/api/v1/explore-post?size=10&page=1,3681,0,0
1732725057942,4613,LoginTest,200,"Number of samples in transaction : 2, number of failing samples : 0",Thread Group 1-10,,true,,6184,1277,30,30,null,4613,1,0
1732725059221,3343,https://photo-sharing-api-bootcamp.do.dibimbing.id/api/v1/explore-post?size=10&page=1,200,OK,Thread Group 1-28,text,true,,5535,724,30,30,https://photo-sharing-api-bootcamp.do.dibimbing.id/api/v1/explore-post?size=10&page=1,3343,0,0
1732725058190,4373,LoginTest,200,"Number of samples in transaction : 2, number of failing samples : 0",Thread Group 1-28,,true,,6534,1277,30,30,null,4373,2,0
1732725058415,4221,https://photo-sharing-api-bootcamp.do.dibimbing.id/api/v1/explore-post?size=10&page=1,200,OK,Thread Group 1-25,text,true,,5631,724,30,30,https://photo-sharing-api-bootcamp.do.dibimbing.id/api/v1/explore-post?size=10&page=1,4221,0,0
1732725057912,4723,LoginTest,200,"Number of samples in transaction : 2, number of failing samples : 0",Thread Group 1-25,,true,,6630,1277,30,30,null,4723,2,0
1732725059450,3339,https://photo-sharing-api-bootcamp.do.dibimbing.id/api/v1/explore-post?size=10&page=1,200,OK,Thread Group 1-29,text,true,,5591,724,30,30,https://photo-sharing-api-bootcamp.do.dibimbing.id/api/v1/explore-post?size=10&page=1,3339,0,0
1732725058288,4500,LoginTest,200,"Number of samples in transaction : 2, number of failing samples : 0",Thread Group 1-29,,true,,6590,1277,30,30,null,4500,2,0
1732725062352,449,https://photo-sharing-api-bootcamp.do.dibimbing.id/api/v1/login,200,OK,Thread Group 1-24,text,true,,999,553,30,30,https://photo-sharing-api-bootcamp.do.dibimbing.id/api/v1/login,449,0,0
1732725059120,3688,https://photo-sharing-api-bootcamp.do.dibimbing.id/api/v1/explore-post?size=10&page=1,200,OK,Thread Group 1-20,text,true,,6035,724,30,30,https://photo-sharing-api-bootcamp.do.dibimbing.id/api/v1/explore-post?size=10&page=1,3688,0,0
1732725058190,4617,LoginTest,200,"Number of samples in transaction : 2, number of failing samples : 0",Thread Group 1-20,,true,,7034,1277,30,30,null,4617,1,0
1732725062365,563,https://photo-sharing-api-bootcamp.do.dibimbing.id/api/v1/login,200,OK,Thread Group 1-22,text,true,,999,553,30,30,https://photo-sharing-api-bootcamp.do.dibimbing.id/api/v1/login,563,0,0
1732725062386,558,https://photo-sharing-api-bootcamp.do.dibimbing.id/api/v1/login,200,OK,Thread Group 1-18,text,true,,999,553,30,30,https://photo-sharing-api-bootcamp.do.dibimbing.id/api/v1/login,558,0,0
1732725059579,3490,https://photo-sharing-api-bootcamp.do.dibimbing.id/api/v1/explore-post?size=10&page=1,200,OK,Thread Group 1-8,text,true,,6126,724,30,30,https://photo-sharing-api-bootcamp.do.dibimbing.id/api/v1/explore-post?size=10&page=1,3490,0,0
1732725062505,564,https://photo-sharing-api-bootcamp.do.dibimbing.id/api/v1/login,200,OK,Thread Group 1-30,text,true,,999,553,30,30,https://photo-sharing-api-bootcamp.do.dibimbing.id/api/v1/login,564,0,0
1732725058552,4516,LoginTest,200,"Number of samples in transaction : 2, number of failing samples : 0",Thread Group 1-8,,true,,7125,1277,30,30,null,4516,2,0
1732725062513,839,https://photo-sharing-api-bootcamp.do.dibimbing.id/api/v1/login,200,OK,Thread Group 1-14,text,true,,999,553,30,30,https://photo-sharing-api-bootcamp.do.dibimbing.id/api/v1/login,838,0,0
1732725062524,1009,https://photo-sharing-api-bootcamp.do.dibimbing.id/api/v1/login,200,OK,Thread Group 1-26,text,true,,999,553,30,30,https://photo-sharing-api-bootcamp.do.dibimbing.id/api/v1/login,1009,0,0
1732725062557,999,https://photo-sharing-api-bootcamp.do.dibimbing.id/api/v1/login,200,OK,Thread Group 1-10,text,true,,999,553,30,30,https://photo-sharing-api-bootcamp.do.dibimbing.id/api/v1/login,999,0,0
1732725062527,1253,https://photo-sharing-api-bootcamp.do.dibimbing.id/api/v1/login,200,OK,Thread Group 1-27,text,true,,999,553,30,30,https://photo-sharing-api-bootcamp.do.dibimbing.id/api/v1/login,1253,0,0
1732725062565,1215,https://photo-sharing-api-bootcamp.do.dibimbing.id/api/v1/login,200,OK,Thread Group 1-28,text,true,,999,553,30,30,https://photo-sharing-api-bootcamp.do.dibimbing.id/api/v1/login,1215,0,0
1732725062637,1263,https://photo-sharing-api-bootcamp.do.dibimbing.id/api/v1/login,200,OK,Thread Group 1-25,text,true,,999,553,30,30,https://photo-sharing-api-bootcamp.do.dibimbing.id/api/v1/login,1263,0,0
1732725062790,1131,https://photo-sharing-api-bootcamp.do.dibimbing.id/api/v1/login,200,OK,Thread Group 1-29,text,true,,999,553,30,30,https://photo-sharing-api-bootcamp.do.dibimbing.id/api/v1/login,1131,0,0
1732725062809,1232,https://photo-sharing-api-bootcamp.do.dibimbing.id/api/v1/login,200,OK,Thread Group 1-20,text,true,,999,553,30,30,https://photo-sharing-api-bootcamp.do.dibimbing.id/api/v1/login,1232,0,0
1732725063070,1113,https://photo-sharing-api-bootcamp.do.dibimbing.id/api/v1/login,200,OK,Thread Group 1-8,text,true,,999,553,30,30,https://photo-sharing-api-bootcamp.do.dibimbing.id/api/v1/login,1113,0,0
1732725060079,4207,https://photo-sharing-api-bootcamp.do.dibimbing.id/api/v1/explore-post?size=10&page=1,200,OK,Thread Group 1-23,text,true,,5909,724,30,30,https://photo-sharing-api-bootcamp.do.dibimbing.id/api/v1/explore-post?size=10&page=1,4207,0,0
1732725059810,4475,LoginTest,200,"Number of samples in transaction : 2, number of failing samples : 0",Thread Group 1-23,,true,,6908,1277,30,30,null,4475,2,0
1732725060095,4216,https://photo-sharing-api-bootcamp.do.dibimbing.id/api/v1/explore-post?size=10&page=1,200,OK,Thread Group 1-1,text,true,,5740,724,30,30,https://photo-sharing-api-bootcamp.do.dibimbing.id/api/v1/explore-post?size=10&page=1,4216,0,0
1732725059810,4500,LoginTest,200,"Number of samples in transaction : 2, number of failing samples : 0",Thread Group 1-1,,true,,6739,1277,30,30,null,4500,1,0
1732725064287,165,https://photo-sharing-api-bootcamp.do.dibimbing.id/api/v1/login,200,OK,Thread Group 1-23,text,true,,999,553,29,29,https://photo-sharing-api-bootcamp.do.dibimbing.id/api/v1/login,165,0,0
1732725060268,4188,https://photo-sharing-api-bootcamp.do.dibimbing.id/api/v1/explore-post?size=10&page=1,200,OK,Thread Group 1-6,text,true,,6120,724,29,29,https://photo-sharing-api-bootcamp.do.dibimbing.id/api/v1/explore-post?size=10&page=1,4188,0,0
1732725059861,4558,LoginTest,200,"Number of samples in transaction : 2, number of failing samples : 0",Thread Group 1-6,,true,,7119,1277,29,29,null,4558,37,0
1732725060370,4092,https://photo-sharing-api-bootcamp.do.dibimbing.id/api/v1/explore-post?size=10&page=1,200,OK,Thread Group 1-3,text,true,,6524,724,28,28,https://photo-sharing-api-bootcamp.do.dibimbing.id/api/v1/explore-post?size=10&page=1,4092,0,0
1732725060115,4346,LoginTest,200,"Number of samples in transaction : 2, number of failing samples : 0",Thread Group 1-3,,true,,7523,1277,28,28,null,4346,2,0
1732725060485,4014,https://photo-sharing-api-bootcamp.do.dibimbing.id/api/v1/explore-post?size=10&page=1,200,OK,Thread Group 1-2,text,true,,5737,724,27,27,https://photo-sharing-api-bootcamp.do.dibimbing.id/api/v1/explore-post?size=10&page=1,4014,0,0
1732725060137,4359,LoginTest,200,"Number of samples in transaction : 2, number of failing samples : 0",Thread Group 1-2,,true,,6736,1277,27,27,null,4359,5,0
1732725059324,5239,https://photo-sharing-api-bootcamp.do.dibimbing.id/api/v1/explore-post?size=10&page=1,200,OK,Thread Group 1-21,text,true,,5954,724,26,26,https://photo-sharing-api-bootcamp.do.dibimbing.id/api/v1/explore-post?size=10&page=1,5239,0,0
1732725058193,6369,LoginTest,200,"Number of samples in transaction : 2, number of failing samples : 0",Thread Group 1-21,,true,,6953,1277,26,26,null,6369,1,0
1732725060800,3812,https://photo-sharing-api-bootcamp.do.dibimbing.id/api/v1/explore-post?size=10&page=1,200,OK,Thread Group 1-7,text,true,,5627,724,26,26,https://photo-sharing-api-bootcamp.do.dibimbing.id/api/v1/explore-post?size=10&page=1,3812,0,0
1732725060586,4026,LoginTest,200,"Number of samples in transaction : 2, number of failing samples : 0",Thread Group 1-7,,true,,6626,1277,26,26,null,4026,0,0
1732725060946,3827,https://photo-sharing-api-bootcamp.do.dibimbing.id/api/v1/explore-post?size=10&page=1,200,OK,Thread Group 1-11,text,true,,4714,724,25,25,https://photo-sharing-api-bootcamp.do.dibimbing.id/api/v1/explore-post?size=10&page=1,3827,0,0
1732725060604,4167,LoginTest,200,"Number of samples in transaction : 2, number of failing samples : 0",Thread Group 1-11,,true,,5713,1277,25,25,null,4167,2,0
1732725064564,212,https://photo-sharing-api-bootcamp.do.dibimbing.id/api/v1/login,200,OK,Thread Group 1-21,text,true,,999,553,25,25,https://photo-sharing-api-bootcamp.do.dibimbing.id/api/v1/login,212,0,0
1732725061485,3390,https://photo-sharing-api-bootcamp.do.dibimbing.id/api/v1/explore-post?size=10&page=1,200,OK,Thread Group 1-9,text,true,,5529,724,24,24,https://photo-sharing-api-bootcamp.do.dibimbing.id/api/v1/explore-post?size=10&page=1,3390,0,0
1732725061025,3849,LoginTest,200,"Number of samples in transaction : 2, number of failing samples : 0",Thread Group 1-9,,true,,6528,1277,24,24,null,3849,2,0
1732725061701,3183,https://photo-sharing-api-bootcamp.do.dibimbing.id/api/v1/explore-post?size=10&page=1,200,OK,Thread Group 1-16,text,true,,6149,724,23,23,https://photo-sharing-api-bootcamp.do.dibimbing.id/api/v1/explore-post?size=10&page=1,3183,0,0
1732725061034,3823,LoginTest,200,"Number of samples in transaction : 2, number of failing samples : 0",Thread Group 1-16,,true,,7148,1277,23,23,null,3822,28,0
1732725061629,3257,https://photo-sharing-api-bootcamp.do.dibimbing.id/api/v1/explore-post?size=10&page=1,200,OK,Thread Group 1-5,text,true,,6114,724,22,22,https://photo-sharing-api-bootcamp.do.dibimbing.id/api/v1/explore-post?size=10&page=1,3257,0,0
1732725061032,3854,LoginTest,200,"Number of samples in transaction : 2, number of failing samples : 0",Thread Group 1-5,,true,,7113,1277,22,22,null,3853,1,0
1732725061958,2938,https://photo-sharing-api-bootcamp.do.dibimbing.id/api/v1/explore-post?size=10&page=1,200,OK,Thread Group 1-12,text,true,,5654,724,21,21,https://photo-sharing-api-bootcamp.do.dibimbing.id/api/v1/explore-post?size=10&page=1,2938,0,0
1732725061082,3812,LoginTest,200,"Number of samples in transaction : 2, number of failing samples : 0",Thread Group 1-12,,true,,6653,1277,21,21,null,3812,2,0
1732725061981,2916,https://photo-sharing-api-bootcamp.do.dibimbing.id/api/v1/explore-post?size=10&page=1,200,OK,Thread Group 1-15,text,true,,6047,724,20,20,https://photo-sharing-api-bootcamp.do.dibimbing.id/api/v1/explore-post?size=10&page=1,2916,0,0
1732725061083,3814,LoginTest,200,"Number of samples in transaction : 2, number of failing samples : 0",Thread Group 1-15,,true,,7046,1277,20,20,null,3814,0,0
1732725062294,2638,https://photo-sharing-api-bootcamp.do.dibimbing.id/api/v1/explore-post?size=10&page=1,200,OK,Thread Group 1-17,text,true,,5428,724,19,19,https://photo-sharing-api-bootcamp.do.dibimbing.id/api/v1/explore-post?size=10&page=1,2638,0,0
1732725062008,2924,LoginTest,200,"Number of samples in transaction : 2, number of failing samples : 0",Thread Group 1-17,,true,,6427,1277,19,19,null,2924,1,0
1732725062507,2460,https://photo-sharing-api-bootcamp.do.dibimbing.id/api/v1/explore-post?size=10&page=1,200,OK,Thread Group 1-19,text,true,,5880,724,18,18,https://photo-sharing-api-bootcamp.do.dibimbing.id/api/v1/explore-post?size=10&page=1,2460,0,0
1732725062317,2650,LoginTest,200,"Number of samples in transaction : 2, number of failing samples : 0",Thread Group 1-19,,true,,6879,1277,18,18,null,2650,1,0
1732725062929,2071,https://photo-sharing-api-bootcamp.do.dibimbing.id/api/v1/explore-post?size=10&page=1,200,OK,Thread Group 1-22,text,true,,5700,724,17,17,https://photo-sharing-api-bootcamp.do.dibimbing.id/api/v1/explore-post?size=10&page=1,2071,0,0
1732725062365,2634,LoginTest,200,"Number of samples in transaction : 2, number of failing samples : 0",Thread Group 1-22,,true,,6699,1277,17,17,null,2634,1,0
1732725063070,1936,https://photo-sharing-api-bootcamp.do.dibimbing.id/api/v1/explore-post?size=10&page=1,200,OK,Thread Group 1-30,text,true,,5197,724,16,16,https://photo-sharing-api-bootcamp.do.dibimbing.id/api/v1/explore-post?size=10&page=1,1936,0,0
1732725062504,2500,LoginTest,200,"Number of samples in transaction : 2, number of failing samples : 0",Thread Group 1-30,,true,,6196,1277,16,16,null,2500,3,0
1732725063533,1481,https://photo-sharing-api-bootcamp.do.dibimbing.id/api/v1/explore-post?size=10&page=1,200,OK,Thread Group 1-26,text,true,,6459,724,15,15,https://photo-sharing-api-bootcamp.do.dibimbing.id/api/v1/explore-post?size=10&page=1,1481,0,0
1732725062523,2490,LoginTest,200,"Number of samples in transaction : 2, number of failing samples : 0",Thread Group 1-26,,true,,7458,1277,15,15,null,2490,1,0
1732725063352,1666,https://photo-sharing-api-bootcamp.do.dibimbing.id/api/v1/explore-post?size=10&page=1,200,OK,Thread Group 1-14,text,true,,5475,724,14,14,https://photo-sharing-api-bootcamp.do.dibimbing.id/api/v1/explore-post?size=10&page=1,1666,0,0
1732725062512,2505,LoginTest,200,"Number of samples in transaction : 2, number of failing samples : 0",Thread Group 1-14,,true,,6474,1277,14,14,null,2504,2,0
1732725062945,2079,https://photo-sharing-api-bootcamp.do.dibimbing.id/api/v1/explore-post?size=10&page=1,200,OK,Thread Group 1-18,text,true,,6309,724,13,13,https://photo-sharing-api-bootcamp.do.dibimbing.id/api/v1/explore-post?size=10&page=1,2079,0,0
1732725062385,2637,LoginTest,200,"Number of samples in transaction : 2, number of failing samples : 0",Thread Group 1-18,,true,,7308,1277,13,13,null,2637,2,0
1732725063921,1108,https://photo-sharing-api-bootcamp.do.dibimbing.id/api/v1/explore-post?size=10&page=1,200,OK,Thread Group 1-29,text,true,,6698,724,12,12,https://photo-sharing-api-bootcamp.do.dibimbing.id/api/v1/explore-post?size=10&page=1,1108,0,0
1732725062790,2239,LoginTest,200,"Number of samples in transaction : 2, number of failing samples : 0",Thread Group 1-29,,true,,7697,1277,12,12,null,2239,1,0
1732725063557,1477,https://photo-sharing-api-bootcamp.do.dibimbing.id/api/v1/explore-post?size=10&page=1,200,OK,Thread Group 1-10,text,true,,5417,724,11,11,https://photo-sharing-api-bootcamp.do.dibimbing.id/api/v1/explore-post?size=10&page=1,1477,0,0
1732725062556,2476,LoginTest,200,"Number of samples in transaction : 2, number of failing samples : 0",Thread Group 1-10,,true,,6416,1277,11,11,null,2476,2,0
1732725063781,1259,https://photo-sharing-api-bootcamp.do.dibimbing.id/api/v1/explore-post?size=10&page=1,200,OK,Thread Group 1-28,text,true,,6652,724,10,10,https://photo-sharing-api-bootcamp.do.dibimbing.id/api/v1/explore-post?size=10&page=1,1259,0,0
1732725062565,2474,LoginTest,200,"Number of samples in transaction : 2, number of failing samples : 0",Thread Group 1-28,,true,,7651,1277,10,10,null,2474,2,0
1732725063781,1261,https://photo-sharing-api-bootcamp.do.dibimbing.id/api/v1/explore-post?size=10&page=1,200,OK,Thread Group 1-27,text,true,,5582,724,9,9,https://photo-sharing-api-bootcamp.do.dibimbing.id/api/v1/explore-post?size=10&page=1,1261,0,0
1732725062527,2514,LoginTest,200,"Number of samples in transaction : 2, number of failing samples : 0",Thread Group 1-27,,true,,6581,1277,9,9,null,2514,1,0
1732725064214,828,https://photo-sharing-api-bootcamp.do.dibimbing.id/api/v1/explore-post?size=10&page=1,200,OK,Thread Group 1-8,text,true,,6122,724,9,9,https://photo-sharing-api-bootcamp.do.dibimbing.id/api/v1/explore-post?size=10&page=1,828,0,0
1732725063070,1941,LoginTest,200,"Number of samples in transaction : 2, number of failing samples : 0",Thread Group 1-8,,true,,7121,1277,9,9,null,1941,33,0
1732725063901,1145,https://photo-sharing-api-bootcamp.do.dibimbing.id/api/v1/explore-post?size=10&page=1,200,OK,Thread Group 1-25,text,true,,5644,724,7,7,https://photo-sharing-api-bootcamp.do.dibimbing.id/api/v1/explore-post?size=10&page=1,1145,0,0
1732725062637,2408,LoginTest,200,"Number of samples in transaction : 2, number of failing samples : 0",Thread Group 1-25,,true,,6643,1277,7,7,null,2408,2,0
1732725064042,1014,https://photo-sharing-api-bootcamp.do.dibimbing.id/api/v1/explore-post?size=10&page=1,200,OK,Thread Group 1-20,text,true,,5640,724,6,6,https://photo-sharing-api-bootcamp.do.dibimbing.id/api/v1/explore-post?size=10&page=1,1014,0,0
1732725062809,2246,LoginTest,200,"Number of samples in transaction : 2, number of failing samples : 0",Thread Group 1-20,,true,,6639,1277,6,6,null,2246,1,0
1732725061407,3721,https://photo-sharing-api-bootcamp.do.dibimbing.id/api/v1/explore-post?size=10&page=1,200,OK,Thread Group 1-13,text,true,,5307,724,5,5,https://photo-sharing-api-bootcamp.do.dibimbing.id/api/v1/explore-post?size=10&page=1,3721,0,0
1732725064776,352,https://photo-sharing-api-bootcamp.do.dibimbing.id/api/v1/explore-post?size=10&page=1,200,OK,Thread Group 1-21,text,true,,5346,724,5,5,https://photo-sharing-api-bootcamp.do.dibimbing.id/api/v1/explore-post?size=10&page=1,352,0,0
1732725061023,4103,LoginTest,200,"Number of samples in transaction : 2, number of failing samples : 0",Thread Group 1-13,,true,,6306,1277,5,5,null,4103,2,0
1732725064564,564,LoginTest,200,"Number of samples in transaction : 2, number of failing samples : 0",Thread Group 1-21,,true,,6345,1277,5,5,null,564,0,0
1732725062139,3036,https://photo-sharing-api-bootcamp.do.dibimbing.id/api/v1/explore-post?size=10&page=1,200,OK,Thread Group 1-4,text,true,,6083,724,3,3,https://photo-sharing-api-bootcamp.do.dibimbing.id/api/v1/explore-post?size=10&page=1,3036,0,0
1732725061705,3468,LoginTest,200,"Number of samples in transaction : 2, number of failing samples : 0",Thread Group 1-4,,true,,7082,1277,3,3,null,3468,57,0
1732725062801,2435,https://photo-sharing-api-bootcamp.do.dibimbing.id/api/v1/explore-post?size=10&page=1,200,OK,Thread Group 1-24,text,true,,6363,724,2,2,https://photo-sharing-api-bootcamp.do.dibimbing.id/api/v1/explore-post?size=10&page=1,2435,0,0
1732725062352,2884,LoginTest,200,"Number of samples in transaction : 2, number of failing samples : 0",Thread Group 1-24,,true,,7362,1277,2,2,null,2884,0,0
1732725064453,847,https://photo-sharing-api-bootcamp.do.dibimbing.id/api/v1/explore-post?size=10&page=1,200,OK,Thread Group 1-23,text,true,,5230,724,1,1,https://photo-sharing-api-bootcamp.do.dibimbing.id/api/v1/explore-post?size=10&page=1,847,0,0
1732725064287,1012,LoginTest,200,"Number of samples in transaction : 2, number of failing samples : 0",Thread Group 1-23,,true,,6229,1277,1,1,null,1012,1,0
